REFERENCIA;NOMBRE DEL PRODUCTO;CATEGORIA;LINEA;GENERO;ESTADO;IVA 
18431;Body Abby Blanco SM;Body Abby;MODA;F;Activo;IVA 19%
18451;Body Abby Camel SM;Body Abby;MODA;F;Activo;IVA 19%
18471;Body Abby Verde Militar SM;Body Abby;MODA;F;Activo;IVA 19%
18481;Body Abby Azul Oscuro SM;Body Abby;MODA;F;Activo;IVA 19%
18501;Body Abby Negro SM;Body Abby;MODA;F;Activo;IVA 19%
18511;Body Abby Verde Oliva SM;Body Abby;MODA;F;Activo;IVA 19%
20091;Body Abby Cafe SM;Body Abby;MODA;F;Activo;IVA 19%
20101;Body Abby Crema SM;Body Abby;MODA;F;Activo;IVA 19%
17933;Body Alana Blanco L;Body Alana;MODA;F;Activo;IVA 19%
17953;Body Alana Beige;Body Alana;MODA;F;Activo;IVA 19%
19911;Body Alana Rosado;Body Alana;MODA;F;Activo;IVA 19%
19913;Body Alana Rosado XL;Body Alana;MODA;F;Activo;IVA 19%
26041;Body Alaska Negro SM;Body Alaska;MODA;F;Activo;IVA 19%
26043;Body Alaska Negro LXL;Body Alaska;MODA;F;Activo;IVA 19%
26051;Body Alaska Blanco SM;Body Alaska;MODA;F;Activo;IVA 19%
26053;Body Alaska Blanco LXL;Body Alaska;MODA;F;Activo;IVA 19%
26061;Body Alaska Crema SM;Body Alaska;MODA;F;Activo;IVA 19%
26063;Body Alaska Crema LXL;Body Alaska;MODA;F;Activo;IVA 19%
26071;Body Alaska Camel SM;Body Alaska;MODA;F;Activo;IVA 19%
26073;Body Alaska Camel LXL;Body Alaska;MODA;F;Activo;IVA 19%
26081;Body Alaska Verde Militar SM;Body Alaska;MODA;F;Activo;IVA 19%
26083;Body Alaska Verde Militar LXL;Body Alaska;MODA;F;Activo;IVA 19%
26091;Body Alaska Azul Oscuro SM;Body Alaska;MODA;F;Activo;IVA 19%
26093;Body Alaska Azul Oscuro LXL;Body Alaska;MODA;F;Activo;IVA 19%
26101;Body Alaska Cafe SM;Body Alaska;MODA;F;Activo;IVA 19%
26103;Body Alaska Cafe LXL;Body Alaska;MODA;F;Activo;IVA 19%
26111;Body Alaska Verde Oliva SM;Body Alaska;MODA;F;Activo;IVA 19%
26113;Body Alaska Verde Oliva LXL;Body Alaska;MODA;F;Activo;IVA 19%
26881;Body Alaska Rojo SM;Body Alaska;MODA;F;Activo;IVA 19%
26883;Body Alaska Rojo LXL;Body Alaska;MODA;F;Activo;IVA 19%
26891;Body Alaska Terracota SM;Body Alaska;MODA;F;Activo;IVA 19%
26893;Body Alaska Terracota LXL;Body Alaska;MODA;F;Activo;IVA 19%
26901;Body Alaska Azul Bebe SM;Body Alaska;MODA;F;Activo;IVA 19%
26903;Body Alaska Azul Bebe LXL;Body Alaska;MODA;F;Activo;IVA 19%
26911;Body Alaska Vinotinto SM;Body Alaska;MODA;F;Activo;IVA 19%
26913;Body Alaska Vinotinto LXL;Body Alaska;MODA;F;Activo;IVA 19%
27531;Body Alaska Durazno SM;Body Alaska;MODA;F;Activo;IVA 19%
27533;Body Alaska Durazno LXL;Body Alaska;MODA;F;Activo;IVA 19%
28801;Body Alaska Gris SM;Body Alaska;MODA;F;Activo;IVA 19%
28803;Body Alaska Gris LXL;Body Alaska;MODA;F;Activo;IVA 19%
28811;Body Alaska Lila SM;Body Alaska;MODA;F;Activo;IVA 19%
28813;Body Alaska Lila LXL;Body Alaska;MODA;F;Activo;IVA 19%
29651;Body Alaska Palo Rosa SM;Body Alaska;MODA;F;Activo;IVA 19%
29653;Body Alaska Palo Rosa LXL;Body Alaska;MODA;F;Activo;IVA 19%
29661;Body Alaska Verde Lima SM;Body Alaska;MODA;F;Activo;IVA 19%
29663;Body Alaska Verde Lima LXL;Body Alaska;MODA;F;Activo;IVA 19%
26211;Body Amelia Negro SM;Body Amelia;MODA;F;Activo;IVA 19%
26213;Body Amelia Negro LXL;Body Amelia;MODA;F;Activo;IVA 19%
26221;Body Amelia Blanco SM;Body Amelia;MODA;F;Activo;IVA 19%
26223;Body Amelia Blanco LXL;Body Amelia;MODA;F;Activo;IVA 19%
26231;Body Amelia Crema SM;Body Amelia;MODA;F;Activo;IVA 19%
26233;Body Amelia Crema LXL;Body Amelia;MODA;F;Activo;IVA 19%
26241;Body Amelia Camel SM;Body Amelia;MODA;F;Activo;IVA 19%
26243;Body Amelia Camel LXL;Body Amelia;MODA;F;Activo;IVA 19%
26251;Body Amelia Verde Militar SM;Body Amelia;MODA;F;Activo;IVA 19%
26253;Body Amelia Verde Militar LXL;Body Amelia;MODA;F;Activo;IVA 19%
26261;Body Amelia Azul Oscuro SM;Body Amelia;MODA;F;Activo;IVA 19%
26263;Body Amelia Azul Oscuro LXL;Body Amelia;MODA;F;Activo;IVA 19%
26271;Body Amelia Cafe SM;Body Amelia;MODA;F;Activo;IVA 19%
26273;Body Amelia Cafe LXL;Body Amelia;MODA;F;Activo;IVA 19%
26281;Body Amelia Verde Oliva SM;Body Amelia;MODA;F;Activo;IVA 19%
26283;Body Amelia Verde Oliva LXL;Body Amelia;MODA;F;Activo;IVA 19%
26821;Body Amelia Azul Bebe SM;Body Amelia;MODA;F;Activo;IVA 19%
26823;Body Amelia Azul Bebe LXL;Body Amelia;MODA;F;Activo;IVA 19%
26861;Body Amelia Vinotinto SM;Body Amelia;MODA;F;Activo;IVA 19%
26863;Body Amelia Vinotinto LXL;Body Amelia;MODA;F;Activo;IVA 19%
26981;Body Amelia Rojo SM;Body Amelia;MODA;F;Activo;IVA 19%
26983;Body Amelia Rojo LXL;Body Amelia;MODA;F;Activo;IVA 19%
26991;Body Amelia Terracota SM;Body Amelia;MODA;F;Activo;IVA 19%
26993;Body Amelia Terracota LXL;Body Amelia;MODA;F;Activo;IVA 19%
27491;Body Amelia Durazno SM;Body Amelia;MODA;F;Activo;IVA 19%
27493;Body Amelia Durazno LXL;Body Amelia;MODA;F;Activo;IVA 19%
28711;Body Amelia Lila SM;Body Amelia;MODA;F;Activo;IVA 19%
28713;Body Amelia Lila LXL;Body Amelia;MODA;F;Activo;IVA 19%
28821;Body Amelia Gris SM;Body Amelia;MODA;F;Activo;IVA 19%
28823;Body Amelia Gris LXL;Body Amelia;MODA;F;Activo;IVA 19%
29051;Body Amelia Amarillo SM;Body Amelia;MODA;F;Activo;IVA 19%
29053;Body Amelia Amarillo LXL;Body Amelia;MODA;F;Activo;IVA 19%
29081;Body Lilo Gris SM;Body Amelia;MODA;F;Activo;IVA 19%
29083;Body Lilo Gris LXL;Body Amelia;MODA;F;Activo;IVA 19%
27911;Body Burbuja Negro SM;Body Burbuja;MODA;F;Activo;IVA 19%
27913;Body Burbuja Negro LXL;Body Burbuja;MODA;F;Activo;IVA 19%
27921;Body Burbuja Crema SM;Body Burbuja;MODA;F;Activo;IVA 19%
27923;Body Burbuja Crema LXL;Body Burbuja;MODA;F;Activo;IVA 19%
27931;Body Burbuja Blanco SM;Body Burbuja;MODA;F;Activo;IVA 19%
27933;Body Burbuja Blanco LXL;Body Burbuja;MODA;F;Activo;IVA 19%
27941;Body Burbuja Rojo SM;Body Burbuja;MODA;F;Activo;IVA 19%
27943;Body Burbuja Rojo LXL;Body Burbuja;MODA;F;Activo;IVA 19%
27951;Body Burbuja Terracota SM;Body Burbuja;MODA;F;Activo;IVA 19%
27953;Body Burbuja Terracota LXL;Body Burbuja;MODA;F;Activo;IVA 19%
27961;Body Burbuja Vinotinto SM;Body Burbuja;MODA;F;Activo;IVA 19%
27963;Body Burbuja Vinotinto LXL;Body Burbuja;MODA;F;Activo;IVA 19%
27971;Body Burbuja Azul Oscuro SM;Body Burbuja;MODA;F;Activo;IVA 19%
27973;Body Burbuja Azul Oscuro LXL;Body Burbuja;MODA;F;Activo;IVA 19%
27981;Body Burbuja Azul Bebe SM;Body Burbuja;MODA;F;Activo;IVA 19%
27983;Body Burbuja Azul Bebe LXL;Body Burbuja;MODA;F;Activo;IVA 19%
27991;Body Burbuja Verde Militar SM;Body Burbuja;MODA;F;Activo;IVA 19%
27993;Body Burbuja Verde Militar LXL;Body Burbuja;MODA;F;Activo;IVA 19%
28001;Body Burbuja Café SM;Body Burbuja;MODA;F;Activo;IVA 19%
28003;Body Burbuja Café LXL;Body Burbuja;MODA;F;Activo;IVA 19%
28011;Body Burbuja Camel SM;Body Burbuja;MODA;F;Activo;IVA 19%
28013;Body Burbuja Camel LXL;Body Burbuja;MODA;F;Activo;IVA 19%
28021;Body Burbuja Durazno SM;Body Burbuja;MODA;F;Activo;IVA 19%
28023;Body Burbuja Durazno LXL;Body Burbuja;MODA;F;Activo;IVA 19%
28031;Body Burbuja Gris SM;Body Burbuja;MODA;F;Activo;IVA 19%
28033;Body Burbuja Gris LXL;Body Burbuja;MODA;F;Activo;IVA 19%
28041;Body Burbuja Lila SM;Body Burbuja;MODA;F;Activo;IVA 19%
28043;Body Burbuja Lila LXL;Body Burbuja;MODA;F;Activo;IVA 19%
29131;Bofy Burbuja Verde Oliva SM;Body Burbuja;MODA;F;Activo;IVA 19%
29133;Bofy Burbuja Verde Oliva LXL;Body Burbuja;MODA;F;Activo;IVA 19%
26511;Body Caramelo Negro SM;Body Caramelo;MODA;F;Activo;IVA 19%
26513;Body Caramelo Negro LXL;Body Caramelo;MODA;F;Activo;IVA 19%
26521;Body Caramelo Blanco SM;Body Caramelo;MODA;F;Activo;IVA 19%
26523;Body Caramelo Blanco LXL;Body Caramelo;MODA;F;Activo;IVA 19%
26531;Body Caramelo Crema SM;Body Caramelo;MODA;F;Activo;IVA 19%
26533;Body Caramelo Crema LXL;Body Caramelo;MODA;F;Activo;IVA 19%
26541;Body Caramelo Camel SM;Body Caramelo;MODA;F;Activo;IVA 19%
26543;Body Caramelo Camel LXL;Body Caramelo;MODA;F;Activo;IVA 19%
26551;Body Caramelo Verde Militar SM;Body Caramelo;MODA;F;Activo;IVA 19%
26553;Body Caramelo Verde Militar LXL;Body Caramelo;MODA;F;Activo;IVA 19%
26561;Body Caramelo Azul Oscuro SM;Body Caramelo;MODA;F;Activo;IVA 19%
26563;Body Caramelo Azul Oscuro LXL;Body Caramelo;MODA;F;Activo;IVA 19%
26571;Body Caramelo Cafe SM;Body Caramelo;MODA;F;Activo;IVA 19%
26573;Body Caramelo Cafe LXL;Body Caramelo;MODA;F;Activo;IVA 19%
26581;Body Caramelo Verde Oliva SM;Body Caramelo;MODA;F;Activo;IVA 19%
26583;Body Caramelo Verde Oliva LXL;Body Caramelo;MODA;F;Activo;IVA 19%
23241;Body Celeste Negro SM;Body Celeste;MODA;F;Activo;IVA 19%
23243;Body Celeste Negro LXL;Body Celeste;MODA;F;Activo;IVA 19%
23251;Body Celeste Crema SM;Body Celeste;MODA;F;Activo;IVA 19%
23253;Body Celeste Crema LXL;Body Celeste;MODA;F;Activo;IVA 19%
23271;Body Celeste Gris SM;Body Celeste;MODA;F;Activo;IVA 19%
23273;Body Celeste Gris LXL;Body Celeste;MODA;F;Activo;IVA 19%
23281;Body Celeste Azul Bebe SM;Body Celeste;MODA;F;Activo;IVA 19%
23283;Body Celeste Azul Bebe LXL;Body Celeste;MODA;F;Activo;IVA 19%
23291;Body Celeste Vinotinto SM;Body Celeste;MODA;F;Activo;IVA 19%
23293;Body Celeste Vinotinto LXL;Body Celeste;MODA;F;Activo;IVA 19%
23301;Body Celeste Blanco SM;Body Celeste;MODA;F;Activo;IVA 19%
23303;Body Celeste Blanco LXL;Body Celeste;MODA;F;Activo;IVA 19%
23311;Body Celeste Azul Oscuro SM;Body Celeste;MODA;F;Activo;IVA 19%
23313;Body Celeste Azul Oscuro XL;Body Celeste;MODA;F;Activo;IVA 19%
24091;Body Celeste Verde Militar SM;Body Celeste;MODA;F;Activo;IVA 19%
24093;Body Celeste Verde Militar LXL;Body Celeste;MODA;F;Activo;IVA 19%
25081;Body Celeste Lila SM;Body Celeste;MODA;F;Activo;IVA 19%
25083;Body Celeste Lila LXL;Body Celeste;MODA;F;Activo;IVA 19%
25091;Body Celeste Cafe SM;Body Celeste;MODA;F;Activo;IVA 19%
25093;Body Celeste Cafe LXL;Body Celeste;MODA;F;Activo;IVA 19%
25611;Body Celeste Camel SM;Body Celeste;MODA;F;Activo;IVA 19%
25613;Body Celeste Camel LXL;Body Celeste;MODA;F;Activo;IVA 19%
25631;Body Celeste Verde Oliva SM;Body Celeste;MODA;F;Activo;IVA 19%
25633;Body Celeste Verde Oliva LXL;Body Celeste;MODA;F;Activo;IVA 19%
29111;Body Celeste Terracota SM;Body Celeste;MODA;F;Activo;IVA 19%
29113;Body Celeste Terracota LXL;Body Celeste;MODA;F;Activo;IVA 19%
29121;Body Celeste Rojo SM;Body Celeste;MODA;F;Activo;IVA 19%
24361;Body Check Negro SM;Body Check;MODA;F;Activo;IVA 19%
24363;Body Check Negro LXL;Body Check;MODA;F;Activo;IVA 19%
24371;Body Check Crema SM;Body Check;MODA;F;Activo;IVA 19%
24373;Body Check Crema LXL;Body Check;MODA;F;Activo;IVA 19%
24381;Body Check Blanco SM;Body Check;MODA;F;Activo;IVA 19%
24383;Body Check Blanco LXL;Body Check;MODA;F;Activo;IVA 19%
24391;Body Check Agua Marina SM;Body Check;MODA;F;Activo;IVA 19%
24393;Body Check Agua Marina LXL;Body Check;MODA;F;Activo;IVA 19%
24401;Body Check Durazno SM;Body Check;MODA;F;Activo;IVA 19%
24403;Body Check Durazno LXL;Body Check;MODA;F;Activo;IVA 19%
24751;Body Check Azul Bebe SM;Body Check;MODA;F;Activo;IVA 19%
24753;Body Check Azul Bebe LXL;Body Check;MODA;F;Activo;IVA 19%
24761;Body Check Verde Militar SM;Body Check;MODA;F;Activo;IVA 19%
24763;Body Check Verde Militar LXL;Body Check;MODA;F;Activo;IVA 19%
24771;Body Check Verde Cali SM;Body Check;MODA;F;Activo;IVA 19%
24773;Body Check Verde Cali LXL;Body Check;MODA;F;Activo;IVA 19%
24781;Body Check Camel SM;Body Check;MODA;F;Activo;IVA 19%
24783;Body Check Camel LXL;Body Check;MODA;F;Activo;IVA 19%
25671;Body Check Azul Oscuro SM;Body Check;MODA;F;Activo;IVA 19%
25673;Body Check Azul Oscuro LXL;Body Check;MODA;F;Activo;IVA 19%
25681;Body Check Cafe SM;Body Check;MODA;F;Activo;IVA 19%
25683;Body Check Cafe LXL;Body Check;MODA;F;Activo;IVA 19%
25691;Body Check Verde Oliva SM;Body Check;MODA;F;Activo;IVA 19%
25693;Body Check Verde Oliva LXL;Body Check;MODA;F;Activo;IVA 19%
27031;Body Check Rojo SM;Body Check;MODA;F;Activo;IVA 19%
27033;Body Check Rojo LXL;Body Check;MODA;F;Activo;IVA 19%
27041;Body Check Terracota SM;Body Check;MODA;F;Activo;IVA 19%
27043;Body Check Terracota LXL;Body Check;MODA;F;Activo;IVA 19%
27051;Body Check Vinotinto SM;Body Check;MODA;F;Activo;IVA 19%
27053;Body Check Vinotinto LXL;Body Check;MODA;F;Activo;IVA 19%
28161;Body Check Gris SM;Body Check;MODA;F;Activo;IVA 19%
28163;Body Check Gris LXL;Body Check;MODA;F;Activo;IVA 19%
28181;Body Check Lila SM;Body Check;MODA;F;Activo;IVA 19%
28183;Body Check Lila LXL;Body Check;MODA;F;Activo;IVA 19%
20031;Body Cora Negro SM;Body Cora ;MODA;F;Activo;IVA 19%
20033;Body Cora Negro LXL;Body Cora ;MODA;F;Activo;IVA 19%
20041;Body Cora Blanco SM;Body Cora ;MODA;F;Activo;IVA 19%
20043;Body Cora Blanco LXL;Body Cora ;MODA;F;Activo;IVA 19%
20061;Body Cora Cafe SM;Body Cora ;MODA;F;Activo;IVA 19%
20063;Body Cora Cafe XL;Body Cora ;MODA;F;Activo;IVA 19%
20073;Body Cora Rosado L-XL;Body Cora ;MODA;F;Activo;IVA 19%
20081;Body Cora Camel SM;Body Cora ;MODA;F;Activo;IVA 19%
20083;Body Cora Camel LXL;Body Cora ;MODA;F;Activo;IVA 19%
20103;Body Abby Lila xl;Body Cora ;MODA;F;Activo;IVA 19%
20111;Body Maya Barbie S;Body Cora ;MODA;F;Activo;IVA 19%
20121;Body Maya Verde Cali S;Body Cora ;MODA;F;Activo;IVA 19%
22341;Body Cora Uva SM;Body Cora ;MODA;F;Activo;IVA 19%
22351;Body Cora Lila SM;Body Cora ;MODA;F;Activo;IVA 19%
22353;Body Cora LilaLXL;Body Cora ;MODA;F;Activo;IVA 19%
22361;Body Cora Vinotinto SM;Body Cora ;MODA;F;Activo;IVA 19%
22363;Body Cora Vinotinto LXL;Body Cora ;MODA;F;Activo;IVA 19%
22371;Body Cora Azul Oscuro SM;Body Cora ;MODA;F;Activo;IVA 19%
22373;Body Cora Azul Oscuro LXL;Body Cora ;MODA;F;Activo;IVA 19%
22381;Body Cora Azul Bebe SM;Body Cora ;MODA;F;Activo;IVA 19%
22383;Body Cora Azul Bebe LXL;Body Cora ;MODA;F;Activo;IVA 19%
22391;Body Cora Durazno SM;Body Cora ;MODA;F;Activo;IVA 19%
22393;Body Cora Durazno LXL;Body Cora ;MODA;F;Activo;IVA 19%
22401;Body Cora Verde Cali SM;Body Cora ;MODA;F;Activo;IVA 19%
22403;Body Cora Verde Cali XL;Body Cora ;MODA;F;Activo;IVA 19%
22411;Body Cora Verde Militar SM;Body Cora ;MODA;F;Activo;IVA 19%
22413;Body Cora Verde Militar LXL;Body Cora ;MODA;F;Activo;IVA 19%
22421;Body Cora Crema SM;Body Cora ;MODA;F;Activo;IVA 19%
22423;Body Cora Crema XL;Body Cora ;MODA;F;Activo;IVA 19%
23101;Body Cora Gris SM;Body Cora ;MODA;F;Activo;IVA 19%
23103;Body Cora Gris LXL;Body Cora ;MODA;F;Activo;IVA 19%
24121;Body Cora Rojo SM;Body Cora ;MODA;F;Activo;IVA 19%
24123;Body Cora Rojo LXL;Body Cora ;MODA;F;Activo;IVA 19%
25661;Body Cora Verde Oliva SM;Body Cora ;MODA;F;Activo;IVA 19%
25663;Body Cora Verde Oliva LXL;Body Cora ;MODA;F;Activo;IVA 19%
27061;Body Cora Terracota SM;Body Cora ;MODA;F;Activo;IVA 19%
27063;Body Cora Terracota LXL;Body Cora ;MODA;F;Activo;IVA 19%
29041;Body Cora Amarillo SM;Body Cora ;MODA;F;Activo;IVA 19%
29043;Body Cora Amarillo LXL;Body Cora ;MODA;F;Activo;IVA 19%
29231;Body Cora Palo Rosa SM;Body Cora ;MODA;F;Activo;IVA 19%
29233;Body Cora Palo Rosa LXL;Body Cora ;MODA;F;Activo;IVA 19%
29241;Body Cora Verde Lima SM;Body Cora ;MODA;F;Activo;IVA 19%
29243;Body Cora Verde Lima LXL;Body Cora ;MODA;F;Activo;IVA 19%
17381;Body Cuadrado Naranja SM;Body Cuadrado;MODA;F;Activo;IVA 19%
17383;Body Cuadrado Naranja XL;Body Cuadrado;MODA;F;Activo;IVA 19%
17421;Body Cuadrado Purpura SM;Body Cuadrado;MODA;F;Activo;IVA 19%
17471;Body Cuadrado Blanco SM;Body Cuadrado;MODA;F;Activo;IVA 19%
17473;Body Cuadrado Blanco LXL;Body Cuadrado;MODA;F;Activo;IVA 19%
17671;Body Cuadrado Cafe SM;Body Cuadrado;MODA;F;Activo;IVA 19%
17673;Body Cuadrado Cafe LXL;Body Cuadrado;MODA;F;Activo;IVA 19%
22141;Body Cuadrado Negro SM;Body Cuadrado;MODA;F;Activo;IVA 19%
22143;Body Cuadrado Negro LXL;Body Cuadrado;MODA;F;Activo;IVA 19%
22151;Body Cuadrado Fucsia SM;Body Cuadrado;MODA;F;Activo;IVA 19%
22173;Body Cuadrado Azul Rey XL;Body Cuadrado;MODA;F;Activo;IVA 19%
22181;Body Cuadrado Azul Oscuro SM;Body Cuadrado;MODA;F;Activo;IVA 19%
22183;Body Cuadrado Azul Oscuro LXL;Body Cuadrado;MODA;F;Activo;IVA 19%
22191;Body Cuadrado Verde Oliva SM;Body Cuadrado;MODA;F;Activo;IVA 19%
22193;Body Cuadrado Verde Oliva LXL;Body Cuadrado;MODA;F;Activo;IVA 19%
22203;Body Cuadrado Terracota XL;Body Cuadrado;MODA;F;Activo;IVA 19%
26721;Body Cuadrado Crema SM;Body Cuadrado;MODA;F;Activo;IVA 19%
26723;Body Cuadrado Crema LXL;Body Cuadrado;MODA;F;Activo;IVA 19%
26731;Body Cuadrado Camel SM;Body Cuadrado;MODA;F;Activo;IVA 19%
26733;Body Cuadrado Camel LXL;Body Cuadrado;MODA;F;Activo;IVA 19%
26741;Body Cuadrado Verde Militar SM;Body Cuadrado;MODA;F;Activo;IVA 19%
26743;Body Cuadrado Verde Militar LXL;Body Cuadrado;MODA;F;Activo;IVA 19%
29181;Body Cuadrado Vinotinto SM;Body Cuadrado;MODA;F;Activo;IVA 19%
29183;Body Cuadrado Vinotinto LXL;Body Cuadrado;MODA;F;Activo;IVA 19%
29301;Body Cuadrado Rojo SM;Body Cuadrado;MODA;F;Activo;IVA 19%
29303;Body Cuadrado Rojo LXL;Body Cuadrado;MODA;F;Activo;IVA 19%
22971;Body Flor Blanco SM;Body Flor;MODA;F;Activo;IVA 19%
22973;Body Flor Blanco LXL;Body Flor;MODA;F;Activo;IVA 19%
22981;Body Flor Negro SM;Body Flor;MODA;F;Activo;IVA 19%
22983;Body Flor Negro LXL;Body Flor;MODA;F;Activo;IVA 19%
22991;Body Flor Crema SM;Body Flor;MODA;F;Activo;IVA 19%
22993;Body Flor Crema LXL;Body Flor;MODA;F;Activo;IVA 19%
23053;Body Flor Rosado LXL;Body Flor;MODA;F;Activo;IVA 19%
23061;Body Flor Lila SM;Body Flor;MODA;F;Activo;IVA 19%
23063;Body Flor Lila LXL;Body Flor;MODA;F;Activo;IVA 19%
23861;Body Flor Cafe SM;Body Flor;MODA;F;Activo;IVA 19%
23863;Body Flor Cafe LXL;Body Flor;MODA;F;Activo;IVA 19%
23871;Body Flor Verde Militar SM;Body Flor;MODA;F;Activo;IVA 19%
23873;Body Flor Verde Militar LXL;Body Flor;MODA;F;Activo;IVA 19%
23881;Body Flor Azul Oscuro SM;Body Flor;MODA;F;Activo;IVA 19%
23883;Body Flor Azul Oscuro LXL;Body Flor;MODA;F;Activo;IVA 19%
24061;Body Flor Verde Oliva  SM;Body Flor;MODA;F;Activo;IVA 19%
24063;Body Flor Verde Oliva  LXL;Body Flor;MODA;F;Activo;IVA 19%
24071;Body Flor Durazno SM;Body Flor;MODA;F;Activo;IVA 19%
24073;Body Flor Durazno LXL;Body Flor;MODA;F;Activo;IVA 19%
24081;Body Flor Terracota SM;Body Flor;MODA;F;Activo;IVA 19%
24083;Body Flor Terracota LXL;Body Flor;MODA;F;Activo;IVA 19%
24711;Body Flor Camel SM;Body Flor;MODA;F;Activo;IVA 19%
24713;Body Flor Camel LXL;Body Flor;MODA;F;Activo;IVA 19%
24721;Body Flor Azul Bebe SM;Body Flor;MODA;F;Activo;IVA 19%
24723;Body Flor Azul Bebe LXL;Body Flor;MODA;F;Activo;IVA 19%
24741;Body Flor Gris SM;Body Flor;MODA;F;Activo;IVA 19%
24743;Body Flor Gris LXL;Body Flor;MODA;F;Activo;IVA 19%
27001;Body Flor Rojo SM;Body Flor;MODA;F;Activo;IVA 19%
27003;Body Flor Rojo LXL;Body Flor;MODA;F;Activo;IVA 19%
27021;Body Flor Vinotinto SM;Body Flor;MODA;F;Activo;IVA 19%
27023;Body Flor Vinotinto LXL;Body Flor;MODA;F;Activo;IVA 19%
29141;Body Flor Amarillo SM;Body Flor;MODA;F;Activo;IVA 19%
29143;Body Flor Amarillo LXL;Body Flor;MODA;F;Activo;IVA 19%
17111;Body Francia Blanco SM;Body Francia;MODA;F;Activo;IVA 19%
17113;Body Francia Blanco LXL;Body Francia;MODA;F;Activo;IVA 19%
17121;Body Francia Negro SM;Body Francia;MODA;F;Activo;IVA 19%
17123;Body Francia Negro LXL;Body Francia;MODA;F;Activo;IVA 19%
17124;NO USAR Body Francia Negro  LXL;Body Francia;MODA;F;Activo;IVA 19%
17221;Body Francia Crema SM;Body Francia;MODA;F;Activo;IVA 19%
17223;Body Francia Crema LXL;Body Francia;MODA;F;Activo;IVA 19%
17241;Body Francia Lila SM;Body Francia;MODA;F;Activo;IVA 19%
17243;Body Francia Lila LXL;Body Francia;MODA;F;Activo;IVA 19%
17261;Body Francia Azul Oscuro SM;Body Francia;MODA;F;Activo;IVA 19%
17263;Body Francia Azul Oscuro LXL;Body Francia;MODA;F;Activo;IVA 19%
17271;Body Francia Morado SM;Body Francia;MODA;F;Activo;IVA 19%
17611;Body Francia Azul Bebe SM;Body Francia;MODA;F;Activo;IVA 19%
17613;Body Francia Azul Bebe LXL;Body Francia;MODA;F;Activo;IVA 19%
17621;Body Francia Mora Leche SM;Body Francia;MODA;F;Activo;IVA 19%
17631;Body Francia Rojo SM;Body Francia;MODA;F;Activo;IVA 19%
17633;Body Francia Rojo LXL;Body Francia;MODA;F;Activo;IVA 19%
22671;Body Francia Gris SM;Body Francia;MODA;F;Activo;IVA 19%
22673;Body Francia Gris LXL;Body Francia;MODA;F;Activo;IVA 19%
22723;Body Francia Verde Oliva LXL;Body Francia;MODA;F;Activo;IVA 19%
24181;Body Francia Terracota SM;Body Francia;MODA;F;Activo;IVA 19%
24183;Body Francia Terracota LXL;Body Francia;MODA;F;Activo;IVA 19%
24191;Body Francia Verde Militar SM;Body Francia;MODA;F;Activo;IVA 19%
24193;Body Francia Verde Militar LXL;Body Francia;MODA;F;Activo;IVA 19%
24201;Body Francia Durazno SM;Body Francia;MODA;F;Activo;IVA 19%
24203;Body Francia Durazno LXL;Body Francia;MODA;F;Activo;IVA 19%
25751;Body Francia Cafe SM;Body Francia;MODA;F;Activo;IVA 19%
25753;Body Francia Cafe LXL;Body Francia;MODA;F;Activo;IVA 19%
25761;Body Francia Camel SM;Body Francia;MODA;F;Activo;IVA 19%
25763;Body Francia Camel LXL;Body Francia;MODA;F;Activo;IVA 19%
27451;Body Francia Vinotinto SM;Body Francia;MODA;F;Activo;IVA 19%
27453;Body Francia Vinotinto LXL;Body Francia;MODA;F;Activo;IVA 19%
29011;Body Francia Amarillo SM;Body Francia;MODA;F;Activo;IVA 19%
29013;Body Francia Amarillo LXL;Body Francia;MODA;F;Activo;IVA 19%
29281;Body Francia Palo Rosa SM;Body Francia;MODA;F;Activo;IVA 19%
29283;Body Francia Palo Rosa LXL;Body Francia;MODA;F;Activo;IVA 19%
29291;Body Francia Verde Lima SM;Body Francia;MODA;F;Activo;IVA 19%
29293;Body Francia Verde Lima LXL;Body Francia;MODA;F;Activo;IVA 19%
23001;Body Gema Negro SM;Body Gema;MODA;F;Activo;IVA 19%
23003;Body Gema Negro LXL;Body Gema;MODA;F;Activo;IVA 19%
23021;Body Gema Crema SM;Body Gema;MODA;F;Activo;IVA 19%
23023;Body Gema Crema LXL;Body Gema;MODA;F;Activo;IVA 19%
23231;Body Gema Azul Oscuro SM;Body Gema;MODA;F;Activo;IVA 19%
23233;Body Gema Azul Oscuro LXL;Body Gema;MODA;F;Activo;IVA 19%
23801;Body Gema Verde Militar SM;Body Gema;MODA;F;Activo;IVA 19%
23803;Body Gema Verde Militar LXL;Body Gema;MODA;F;Activo;IVA 19%
23851;Body Gema Cafe SM;Body Gema;MODA;F;Activo;IVA 19%
23853;Body Gema Cafe LXL;Body Gema;MODA;F;Activo;IVA 19%
24491;Body Gema Terracota SM;Body Gema;MODA;F;Activo;IVA 19%
24493;Body Gema Terracota LXL;Body Gema;MODA;F;Activo;IVA 19%
24501;Body Gema Azul Bebe SM;Body Gema;MODA;F;Activo;IVA 19%
24503;Body Gema Azul Bebe LXL;Body Gema;MODA;F;Activo;IVA 19%
24531;Body Gema Blanco SM;Body Gema;MODA;F;Activo;IVA 19%
24533;Body Gema Blanco LXL;Body Gema;MODA;F;Activo;IVA 19%
25531;Body Gema Camel SM;Body Gema;MODA;F;Activo;IVA 19%
25533;Body Gema Camel LXL;Body Gema;MODA;F;Activo;IVA 19%
25541;Body Gema Verde Oliva SM;Body Gema;MODA;F;Activo;IVA 19%
25543;Body Gema Verde Oliva LXL;Body Gema;MODA;F;Activo;IVA 19%
25731;Body Paula Cafe SM;Body Gema;MODA;F;Activo;IVA 19%
26851;Body Gema Vinotinto SM;Body Gema;MODA;F;Activo;IVA 19%
26853;Body Gema Vinotinto LXL;Body Gema;MODA;F;Activo;IVA 19%
26941;Body Gema Rojo SM;Body Gema;MODA;F;Activo;IVA 19%
26943;Body Gema Rojo LXL;Body Gema;MODA;F;Activo;IVA 19%
27701;Body Gema Durazno SM;Body Gema;MODA;F;Activo;IVA 19%
27703;Body Gema Durazno LXL;Body Gema;MODA;F;Activo;IVA 19%
27711;Body Gema Gris SM;Body Gema;MODA;F;Activo;IVA 19%
27713;Body Gema Gris LXL;Body Gema;MODA;F;Activo;IVA 19%
28121;Body Gema Lila SM;Body Gema;MODA;F;Activo;IVA 19%
28123;Body Gema Lila LXL;Body Gema;MODA;F;Activo;IVA 19%
28251;Body Jessie Negro SM;Body Jessie;MODA;F;Activo;IVA 19%
28253;Body Jessie Negro LXL;Body Jessie;MODA;F;Activo;IVA 19%
28261;Body Jessie Crema SM;Body Jessie;MODA;F;Activo;IVA 19%
28263;Body Jessie Crema LXL;Body Jessie;MODA;F;Activo;IVA 19%
28271;Body Jessie Blanco SM;Body Jessie;MODA;F;Activo;IVA 19%
28273;Body Jessie Blanco LXL;Body Jessie;MODA;F;Activo;IVA 19%
28281;Body Jessie Rojo SM;Body Jessie;MODA;F;Activo;IVA 19%
28283;Body Jessie Rojo LXL;Body Jessie;MODA;F;Activo;IVA 19%
28291;Body Jessie Terracota SM;Body Jessie;MODA;F;Activo;IVA 19%
28293;Body Jessie Terracota LXL;Body Jessie;MODA;F;Activo;IVA 19%
28301;Body Jessie Azul Oscuro SM;Body Jessie;MODA;F;Activo;IVA 19%
28303;Body Jessie Azul Oscuro LXL;Body Jessie;MODA;F;Activo;IVA 19%
28311;Body Jessie Azul Bebe SM;Body Jessie;MODA;F;Activo;IVA 19%
28313;Body Jessie Azul Bebe LXL;Body Jessie;MODA;F;Activo;IVA 19%
28321;Body Jessie Verde Militar SM;Body Jessie;MODA;F;Activo;IVA 19%
28323;Body Jessie Verde Militar LXL;Body Jessie;MODA;F;Activo;IVA 19%
28331;Body Jessie Verde Oliva SM;Body Jessie;MODA;F;Activo;IVA 19%
28333;Body Jessie Verde Oliva LXL;Body Jessie;MODA;F;Activo;IVA 19%
28341;Body Jessie Café SM;Body Jessie;MODA;F;Activo;IVA 19%
28343;Body Jessie Café LXL;Body Jessie;MODA;F;Activo;IVA 19%
28351;Body Jessie Gris SM;Body Jessie;MODA;F;Activo;IVA 19%
28353;Body Jessie Gris LXL;Body Jessie;MODA;F;Activo;IVA 19%
28681;Body Jessie Camel SM;Body Jessie;MODA;F;Activo;IVA 19%
28683;Body Jessie Camel LXL;Body Jessie;MODA;F;Activo;IVA 19%
28691;Body Jessie Lila SM;Body Jessie;MODA;F;Activo;IVA 19%
28693;Body Jessie Lila LXL;Body Jessie;MODA;F;Activo;IVA 19%
28701;Body Jessie Vinotinto SM;Body Jessie;MODA;F;Activo;IVA 19%
28703;Body Jessie Vinotinto LXL;Body Jessie;MODA;F;Activo;IVA 19%
28841;BODY JESSIE DURAZNO SM;Body Jessie;MODA;F;Activo;IVA 19%
27301;Body Lilo Negro SM;Body Lilo;MODA;F;Activo;IVA 19%
27303;Body Lilo Negro LXL;Body Lilo;MODA;F;Activo;IVA 19%
27311;Body Lilo Blanco SM;Body Lilo;MODA;F;Activo;IVA 19%
27313;Body Lilo Blanco LXL;Body Lilo;MODA;F;Activo;IVA 19%
27321;Body Lilo Crema SM;Body Lilo;MODA;F;Activo;IVA 19%
27323;Body Lilo Crema LXL;Body Lilo;MODA;F;Activo;IVA 19%
27331;Body Lilo Azul Oscuro SM;Body Lilo;MODA;F;Activo;IVA 19%
27333;Body Lilo Azul Oscuro LX;Body Lilo;MODA;F;Activo;IVA 19%
27341;Body Lilo Terracota SM;Body Lilo;MODA;F;Activo;IVA 19%
27343;Body Lilo Terracota LXL;Body Lilo;MODA;F;Activo;IVA 19%
27351;Body Lilo Rojo SM;Body Lilo;MODA;F;Activo;IVA 19%
27353;Body Lilo Rojo LXL;Body Lilo;MODA;F;Activo;IVA 19%
27361;Body Lilo Verde Militar SM;Body Lilo;MODA;F;Activo;IVA 19%
27363;Body Lilo Verde Militar LXL;Body Lilo;MODA;F;Activo;IVA 19%
27371;Body Lilo Verde Oliva SM;Body Lilo;MODA;F;Activo;IVA 19%
27373;Body Lilo Verde Oliva LX;Body Lilo;MODA;F;Activo;IVA 19%
27381;Body Lilo Café SM;Body Lilo;MODA;F;Activo;IVA 19%
27383;Body Lilo Café LXL;Body Lilo;MODA;F;Activo;IVA 19%
27391;Body Lilo Vinotinto SM;Body Lilo;MODA;F;Activo;IVA 19%
27393;Body Lilo Vinotinto LXL;Body Lilo;MODA;F;Activo;IVA 19%
27401;Body Lilo Camel SM;Body Lilo;MODA;F;Activo;IVA 19%
27403;Body Lilo Camel LXL;Body Lilo;MODA;F;Activo;IVA 19%
27411;Body Lilo Azul Bebe SM;Body Lilo;MODA;F;Activo;IVA 19%
27413;Body Lilo Azul Bebe LXL;Body Lilo;MODA;F;Activo;IVA 19%
27501;Body Lilo Durazno SM;Body Lilo;MODA;F;Activo;IVA 19%
27503;Body Lilo Durazno LXL;Body Lilo;MODA;F;Activo;IVA 19%
28951;Body Lilo Amarillo SM;Body Lilo;MODA;F;Activo;IVA 19%
28953;Body Lilo Amarillo LXL;Body Lilo;MODA;F;Activo;IVA 19%
18301;Body Luna Fucsia S;Body Luna;MODA;F;Activo;IVA 19%
18303;Body Luna Fucsia L;Body Luna;MODA;F;Activo;IVA 19%
18321;Body Luna Blanco S;Body Luna;MODA;F;Activo;IVA 19%
18323;Body Luna Blanco LXL;Body Luna;MODA;F;Activo;IVA 19%
18341;Body Luna Camel SM;Body Luna;MODA;F;Activo;IVA 19%
18343;Body Luna Camel LXL;Body Luna;MODA;F;Activo;IVA 19%
18371;Body Luna Azul Oscuro SM;Body Luna;MODA;F;Activo;IVA 19%
18373;Body Luna Azul Oscuro LXL;Body Luna;MODA;F;Activo;IVA 19%
18381;Body Luna Purpura S;Body Luna;MODA;F;Activo;IVA 19%
18383;Body Luna Purpura L;Body Luna;MODA;F;Activo;IVA 19%
18391;Body Luna Negro S;Body Luna;MODA;F;Activo;IVA 19%
18393;Body Luna Negro L;Body Luna;MODA;F;Activo;IVA 19%
21991;Body Luna Naranja SM;Body Luna;MODA;F;Activo;IVA 19%
21993;Body Luna Naranja XL;Body Luna;MODA;F;Activo;IVA 19%
22001;Body Luna Rojo SM;Body Luna;MODA;F;Activo;IVA 19%
22003;Body Luna Rojo LXL;Body Luna;MODA;F;Activo;IVA 19%
22011;Body Luna Azul Rey SM;Body Luna;MODA;F;Activo;IVA 19%
22021;Body Luna Verde Oliva SM;Body Luna;MODA;F;Activo;IVA 19%
22023;Body Luna Verde Oliva LXL;Body Luna;MODA;F;Activo;IVA 19%
22031;Body Luna Cafe SM;Body Luna;MODA;F;Activo;IVA 19%
22033;Body Luna Cafe LXL;Body Luna;MODA;F;Activo;IVA 19%
22041;Body Luna Terracota SM;Body Luna;MODA;F;Activo;IVA 19%
22051;Body Luna Amarillo Pastel SM;Body Luna;MODA;F;Activo;IVA 19%
22053;Body Luna Amarillo Pastel LXL;Body Luna;MODA;F;Activo;IVA 19%
26711;Body Luna Crema SM;Body Luna;MODA;F;Activo;IVA 19%
26713;Body Luna Crema LXL;Body Luna;MODA;F;Activo;IVA 19%
26871;Body Luna Verde Militar SM;Body Luna;MODA;F;Activo;IVA 19%
26873;Body Luna Verde Militar LXL;Body Luna;MODA;F;Activo;IVA 19%
29001;Body Luna Vinotinto SM;Body Luna;MODA;F;Activo;IVA 19%
29003;Body Luna Vinotinto LXL;Body Luna;MODA;F;Activo;IVA 19%
23451;Body Luz Negro SM;Body Luz;MODA;F;Activo;IVA 19%
23453;Body Luz Negro LXL;Body Luz;MODA;F;Activo;IVA 19%
23481;Body Luz Rojo SM;Body Luz;MODA;F;Activo;IVA 19%
23483;Body Luz Rojo LXL;Body Luz;MODA;F;Activo;IVA 19%
23491;Body Luz Crema SM;Body Luz;MODA;F;Activo;IVA 19%
23493;Body Luz Crema LXL;Body Luz;MODA;F;Activo;IVA 19%
23501;Body Luz Blanco SM;Body Luz;MODA;F;Activo;IVA 19%
23503;Body Luz Blanco LXL;Body Luz;MODA;F;Activo;IVA 19%
23511;Body Luz Verde Militar SM;Body Luz;MODA;F;Activo;IVA 19%
23513;Body Luz Verde Militar LXL;Body Luz;MODA;F;Activo;IVA 19%
23521;Body Luz Café SM;Body Luz;MODA;F;Activo;IVA 19%
23523;Body Luz Café LXL;Body Luz;MODA;F;Activo;IVA 19%
24251;Body Luz Azul Bebe SM;Body Luz;MODA;F;Activo;IVA 19%
24253;Body Luz Azul Bebe LXL;Body Luz;MODA;F;Activo;IVA 19%
25461;Body Luz Camel SM;Body Luz;MODA;F;Activo;IVA 19%
25463;Body Luz Camel LXL;Body Luz;MODA;F;Activo;IVA 19%
25471;Body Luz Azul Oscuro SM;Body Luz;MODA;F;Activo;IVA 19%
25473;Body Luz Azul Oscuro LXL;Body Luz;MODA;F;Activo;IVA 19%
25981;Body Luz Verde Oliva Sm;Body Luz;MODA;F;Activo;IVA 19%
25983;Body Luz Verde Oliva LXL;Body Luz;MODA;F;Activo;IVA 19%
27161;Body Luz Terracota SM;Body Luz;MODA;F;Activo;IVA 19%
27163;Body Luz Terracota LXL;Body Luz;MODA;F;Activo;IVA 19%
27431;Body Luz Vinotinto SM;Body Luz;MODA;F;Activo;IVA 19%
27433;Body Luz Vinotinto LXL;Body Luz;MODA;F;Activo;IVA 19%
28771;Body Luz Gris SM;Body Luz;MODA;F;Activo;IVA 19%
28781;Body Luz Durazno SM;Body Luz;MODA;F;Activo;IVA 19%
29611;Body Luz Palo Rosa SM;Body Luz;MODA;F;Activo;IVA 19%
29613;Body Luz Palo Rosa LXL;Body Luz;MODA;F;Activo;IVA 19%
29621;Body Luz Verde Lima SM;Body Luz;MODA;F;Activo;IVA 19%
29623;Body Luz Verde Lima LXL;Body Luz;MODA;F;Activo;IVA 19%
29671;Body Mangas Corto Palo Rosa SM;Body Mangas Corto;MODA;F;Activo;IVA 19%
29673;Body Mangas Corto Palo Rosa LXL;Body Mangas Corto;MODA;F;Activo;IVA 19%
29681;Body Mangas Corto Verde Lima SM;Body Mangas Corto;MODA;F;Activo;IVA 19%
29683;Body Mangas Corto Verde Lima LXL;Body Mangas Corto;MODA;F;Activo;IVA 19%
17681;Body Mango Negro SM;Body Mango;MODA;F;Activo;IVA 19%
17683;Body Mango Negro LXL;Body Mango;MODA;F;Activo;IVA 19%
17701;Body Mango Blanco SM;Body Mango;MODA;F;Activo;IVA 19%
17703;Body Mango Blanco LXL;Body Mango;MODA;F;Activo;IVA 19%
17741;Body Mango Azul Oscuro SM;Body Mango;MODA;F;Activo;IVA 19%
17743;Body Mango Azul Oscuro LXL;Body Mango;MODA;F;Activo;IVA 19%
17751;Body Mango Verde Militar SM;Body Mango;MODA;F;Activo;IVA 19%
17753;Body Mango Verde Militar LXL;Body Mango;MODA;F;Activo;IVA 19%
24601;Body Mango Crema SM;Body Mango;MODA;F;Activo;IVA 19%
24603;Body Mango Crema LXL;Body Mango;MODA;F;Activo;IVA 19%
24611;Body Mango Durazno SM;Body Mango;MODA;F;Activo;IVA 19%
24613;Body Mango Durazno LXL;Body Mango;MODA;F;Activo;IVA 19%
24621;Body Mango Lila SM;Body Mango;MODA;F;Activo;IVA 19%
24623;Body Mango Lila LXL;Body Mango;MODA;F;Activo;IVA 19%
24631;Body Mango Azul Bebe SM;Body Mango;MODA;F;Activo;IVA 19%
24633;Body Mango Azul Bebe LXL;Body Mango;MODA;F;Activo;IVA 19%
24641;Body Mango Aguamarina SM;Body Mango;MODA;F;Activo;IVA 19%
24643;Body Mango Aguamarina LXL;Body Mango;MODA;F;Activo;IVA 19%
27181;Body Mango Terracota SM;Body Mango;MODA;F;Activo;IVA 19%
27183;Body Mango Terracota LXL;Body Mango;MODA;F;Activo;IVA 19%
27191;Body Mango Verde Oliva SM;Body Mango;MODA;F;Activo;IVA 19%
27193;Body Mango Verde Oliva LXL;Body Mango;MODA;F;Activo;IVA 19%
27201;Body Mango Cafe SM;Body Mango;MODA;F;Activo;IVA 19%
27203;Body Mango Cafe LXL;Body Mango;MODA;F;Activo;IVA 19%
27211;Body Mango Camel SM;Body Mango;MODA;F;Activo;IVA 19%
27213;Body Mango Camel LXL;Body Mango;MODA;F;Activo;IVA 19%
27471;Body Mango Rojo SM;Body Mango;MODA;F;Activo;IVA 19%
27473;Body Mango Rojo LXL;Body Mango;MODA;F;Activo;IVA 19%
27481;Body Mango Vinotinto SM;Body Mango;MODA;F;Activo;IVA 19%
27483;Body Mango Vinotinto LXl;Body Mango;MODA;F;Activo;IVA 19%
27901;Body Mango Gris SM;Body Mango;MODA;F;Activo;IVA 19%
27903;Body Mango Gris LXL;Body Mango;MODA;F;Activo;IVA 19%
29251;Body Mango Palo Rosa SM;Body Mango;MODA;F;Activo;IVA 19%
29253;Body Mango Palo Rosa LXL;Body Mango;MODA;F;Activo;IVA 19%
29261;Body Mango Verde Limon SM;Body Mango;MODA;F;Activo;IVA 19%
29263;Body Mango Verde Limon LXL;Body Mango;MODA;F;Activo;IVA 19%
29271;Body Mango Amarillo SM;Body Mango;MODA;F;Activo;IVA 19%
29273;Body Mango Amarillo LXL;Body Mango;MODA;F;Activo;IVA 19%
29311;Body Margarita Negro SM;Body Margarita;MODA;F;Activo;IVA 19%
29313;Body Margarita Negro LXL;Body Margarita;MODA;F;Activo;IVA 19%
29321;Body Margarita Crema SM;Body Margarita;MODA;F;Activo;IVA 19%
29323;Body Margarita Crema LXL;Body Margarita;MODA;F;Activo;IVA 19%
29331;Body Margarita Blanco SM;Body Margarita;MODA;F;Activo;IVA 19%
29333;Body Margarita Blanco LXL;Body Margarita;MODA;F;Activo;IVA 19%
29341;Body Margarita Terracota SM;Body Margarita;MODA;F;Activo;IVA 19%
29343;Body Margarita Terracota LXL;Body Margarita;MODA;F;Activo;IVA 19%
29351;Body Margarita Vinotinto SM;Body Margarita;MODA;F;Activo;IVA 19%
29353;Body Margarita Vinotinto LXL;Body Margarita;MODA;F;Activo;IVA 19%
29361;Body Margarita Azul Oscuro SM;Body Margarita;MODA;F;Activo;IVA 19%
29363;Body Margarita Azul Oscuro LXL;Body Margarita;MODA;F;Activo;IVA 19%
29371;Body Margarita Verde Oliva SM;Body Margarita;MODA;F;Activo;IVA 19%
29373;Body Margarita Verde Oliva LXL;Body Margarita;MODA;F;Activo;IVA 19%
29381;Body Margarita Café SM;Body Margarita;MODA;F;Activo;IVA 19%
29383;Body Margarita Café LXL;Body Margarita;MODA;F;Activo;IVA 19%
29391;Body Margarita Amarillo SM;Body Margarita;MODA;F;Activo;IVA 19%
29393;Body Margarita Amarillo LXL;Body Margarita;MODA;F;Activo;IVA 19%
29401;Body Margarita Camel SM;Body Margarita;MODA;F;Activo;IVA 19%
29403;Body Margarita Camel LXL;Body Margarita;MODA;F;Activo;IVA 19%
29831;Body Margarita Verde Militar SM;Body Margarita;MODA;F;Activo;IVA 19%
29833;Body Margarita Verde Militar LXL;Body Margarita;MODA;F;Activo;IVA 19%
29841;Body Margarita Verde Lima SM;Body Margarita;MODA;F;Activo;IVA 19%
29843;Body Margarita Verde Lima LXL;Body Margarita;MODA;F;Activo;IVA 19%
29851;Body Margarita Palo Rosa SM;Body Margarita;MODA;F;Activo;IVA 19%
29853;Body Margarita Palo Rosa LXL;Body Margarita;MODA;F;Activo;IVA 19%
20141;Body Maya Blanco SM;Body Maya;MODA;F;Activo;IVA 19%
20143;Body Maya Blanco LXL;Body Maya;MODA;F;Activo;IVA 19%
20151;Body Maya Negro SM;Body Maya;MODA;F;Activo;IVA 19%
20153;Body Maya Negro LXL;Body Maya;MODA;F;Activo;IVA 19%
24541;Body Maya Crema SM;Body Maya;MODA;F;Activo;IVA 19%
24543;Body Maya Crema LXL;Body Maya;MODA;F;Activo;IVA 19%
24551;Body Maya Azul Oscuro SM;Body Maya;MODA;F;Activo;IVA 19%
24553;Body Maya Azul Oscuro LXL;Body Maya;MODA;F;Activo;IVA 19%
24561;Body Maya Aguamarina SM;Body Maya;MODA;F;Activo;IVA 19%
24563;Body Maya Aguamarina LXL;Body Maya;MODA;F;Activo;IVA 19%
24571;Body Maya Cafe SM;Body Maya;MODA;F;Activo;IVA 19%
24573;Body Maya Cafe LXL;Body Maya;MODA;F;Activo;IVA 19%
24581;Body Maya Camel SM;Body Maya;MODA;F;Activo;IVA 19%
24583;Body Maya Camel LXL;Body Maya;MODA;F;Activo;IVA 19%
24591;Body Maya Gris SM;Body Maya;MODA;F;Activo;IVA 19%
24593;Body Maya Gris LXL;Body Maya;MODA;F;Activo;IVA 19%
19451;Body Milu Blanco SM;Body Milu;MODA;F;Activo;IVA 19%
19453;Body Milu Blanco LXL;Body Milu;MODA;F;Activo;IVA 19%
19531;Body Milu Negro SM;Body Milu;MODA;F;Activo;IVA 19%
19533;Body Milu Negro LXL;Body Milu;MODA;F;Activo;IVA 19%
19561;Body Milu Verde Cali SM;Body Milu;MODA;F;Activo;IVA 19%
19563;Body Milu Verde Cali LXL;Body Milu;MODA;F;Activo;IVA 19%
22231;Body Milu Verde Militar SM;Body Milu;MODA;F;Activo;IVA 19%
22233;Body Milu Verde Militar LXL;Body Milu;MODA;F;Activo;IVA 19%
22251;Body Milu Vinotinto SM;Body Milu;MODA;F;Activo;IVA 19%
22253;Body Milu Vinotinto XL;Body Milu;MODA;F;Activo;IVA 19%
22261;Body Milu Crema SM;Body Milu;MODA;F;Activo;IVA 19%
22263;Body Milu Crema LXL;Body Milu;MODA;F;Activo;IVA 19%
22291;Body Milu Azul Bebe SM;Body Milu;MODA;F;Activo;IVA 19%
22293;Body Milu Azul Bebe LXL;Body Milu;MODA;F;Activo;IVA 19%
22301;Body Milu Lila SM;Body Milu;MODA;F;Activo;IVA 19%
22303;Body Milu Lila XL;Body Milu;MODA;F;Activo;IVA 19%
22311;Body Milu Uva SM;Body Milu;MODA;F;Activo;IVA 19%
22321;Body Milu Azul Oscuro SM;Body Milu;MODA;F;Activo;IVA 19%
22323;Body Milu Azul Oscuro LXL;Body Milu;MODA;F;Activo;IVA 19%
22331;Body Milu Durazno SM;Body Milu;MODA;F;Activo;IVA 19%
22333;Body Milu Durazno XL;Body Milu;MODA;F;Activo;IVA 19%
23121;Body Milu Palo Rosa SM;Body Milu;MODA;F;Activo;IVA 19%
23123;Body Milu Palo Rosa LXL;Body Milu;MODA;F;Activo;IVA 19%
23891;Body Milu Cafe SM;Body Milu;MODA;F;Activo;IVA 19%
23893;Body Milu Cafe LXL;Body Milu;MODA;F;Activo;IVA 19%
24271;Body Milu Agua Marina SM;Body Milu;MODA;F;Activo;IVA 19%
24273;Body Milu Agua Marina LXL;Body Milu;MODA;F;Activo;IVA 19%
25441;Body Milu Camel SM;Body Milu;MODA;F;Activo;IVA 19%
25443;Body Milu Camel LXL;Body Milu;MODA;F;Activo;IVA 19%
25651;Body Milu Verde Oliva SM;Body Milu;MODA;F;Activo;IVA 19%
25653;Body Milu Verde Oliva LXL;Body Milu;MODA;F;Activo;IVA 19%
26921;Body Milu Rojo SM;Body Milu;MODA;F;Activo;IVA 19%
26923;Body Milu Rojo LXL;Body Milu;MODA;F;Activo;IVA 19%
26933;Body Milu Terracota LXL;Body Milu;MODA;F;Activo;IVA 19%
27621;Body Milu Gris SM;Body Milu;MODA;F;Activo;IVA 19%
27623;Body Milu Gris LXL;Body Milu;MODA;F;Activo;IVA 19%
29031;Body Milu Amarillo SM;Body Milu;MODA;F;Activo;IVA 19%
29033;Body Milu Amarillo LXL;Body Milu;MODA;F;Activo;IVA 19%
29201;Body Milu Verde Lima SM;Body Milu;MODA;F;Activo;IVA 19%
29203;Body Milu Verde Lima LXL;Body Milu;MODA;F;Activo;IVA 19%
24651;Body Misuri Negro SM;Body Misuri;MODA;F;Activo;IVA 19%
24653;Body Misuri Negro LXL;Body Misuri;MODA;F;Activo;IVA 19%
24661;Body Misuri Crema SM;Body Misuri;MODA;F;Activo;IVA 19%
24663;Body Misuri Crema LXL;Body Misuri;MODA;F;Activo;IVA 19%
24671;Body Misuri Blanco SM;Body Misuri;MODA;F;Activo;IVA 19%
24673;Body Misuri Blanco LXL;Body Misuri;MODA;F;Activo;IVA 19%
24681;Body Misuri Agua Marina SM;Body Misuri;MODA;F;Activo;IVA 19%
24683;Body Misuri Agua Marina LXL;Body Misuri;MODA;F;Activo;IVA 19%
24691;Body Misuri Durazno SM;Body Misuri;MODA;F;Activo;IVA 19%
24693;Body Misuri Durazno LXL;Body Misuri;MODA;F;Activo;IVA 19%
25141;Body Misuri Azul Bebe SM;Body Misuri;MODA;F;Activo;IVA 19%
25143;Body Misuri Azul Bebe LXL;Body Misuri;MODA;F;Activo;IVA 19%
25151;Body Misuri Verde Militar SM;Body Misuri;MODA;F;Activo;IVA 19%
25153;Body Misuri Verde Militar LXL;Body Misuri;MODA;F;Activo;IVA 19%
25161;Body Misuri Camel SM;Body Misuri;MODA;F;Activo;IVA 19%
25163;Body Misuri Camel LXL;Body Misuri;MODA;F;Activo;IVA 19%
25181;Body Misuri Verde Cali SM;Body Misuri;MODA;F;Activo;IVA 19%
25183;Body Misuri Verde Cali LXL;Body Misuri;MODA;F;Activo;IVA 19%
26011;Body Misuri Azul Oscuro SM;Body Misuri;MODA;F;Activo;IVA 19%
26013;Body Misuri Azul Oscuro LXL;Body Misuri;MODA;F;Activo;IVA 19%
26021;Body Misuri Café SM;Body Misuri;MODA;F;Activo;IVA 19%
26023;Body Misuri Café LXL;Body Misuri;MODA;F;Activo;IVA 19%
26031;Body Misuri Verde Oliva SM;Body Misuri;MODA;F;Activo;IVA 19%
26033;Body Misuri Verde Oliva LXL;Body Misuri;MODA;F;Activo;IVA 19%
27591;Body Misuri Lila SM;Body Misuri;MODA;F;Activo;IVA 19%
27593;Body Misuri Lila LXL;Body Misuri;MODA;F;Activo;IVA 19%
27601;Body Misuri Terracota SM;Body Misuri;MODA;F;Activo;IVA 19%
27603;Body Misuri Terracota LXL;Body Misuri;MODA;F;Activo;IVA 19%
27611;Body Misuri Rojo SM;Body Misuri;MODA;F;Activo;IVA 19%
27613;Body Misuri Rojo LXL;Body Misuri;MODA;F;Activo;IVA 19%
27681;Body Misuri Gris SM;Body Misuri;MODA;F;Activo;IVA 19%
27683;Body Misuri Gris LXL;Body Misuri;MODA;F;Activo;IVA 19%
27691;Body Misuri Vinotinto SM;Body Misuri;MODA;F;Activo;IVA 19%
27693;Body Misuri Vinotinto LXL;Body Misuri;MODA;F;Activo;IVA 19%
25241;Body Natu Negro SM;Body Natu;MODA;F;Activo;IVA 19%
25243;Body Natu Negro LXL;Body Natu;MODA;F;Activo;IVA 19%
25251;Body Natu Crema SM;Body Natu;MODA;F;Activo;IVA 19%
25253;Body Natu Crema LXL;Body Natu;MODA;F;Activo;IVA 19%
25261;Body Natu Blanco SM;Body Natu;MODA;F;Activo;IVA 19%
25263;Body Natu Blanco LXL;Body Natu;MODA;F;Activo;IVA 19%
25271;Body Natu Durazno SM;Body Natu;MODA;F;Activo;IVA 19%
25273;Body Natu Durazno LXL;Body Natu;MODA;F;Activo;IVA 19%
25281;Body Natu Verde Militar SM;Body Natu;MODA;F;Activo;IVA 19%
25283;Body Natu Verde Militar LXL;Body Natu;MODA;F;Activo;IVA 19%
25291;Body Natu Café SM;Body Natu;MODA;F;Activo;IVA 19%
25293;Body Natu Café LXL;Body Natu;MODA;F;Activo;IVA 19%
25301;Body Natu Azul Oscuro SM;Body Natu;MODA;F;Activo;IVA 19%
25303;Body Natu Azul Oscuro LXL;Body Natu;MODA;F;Activo;IVA 19%
25311;Body Natu Gris SM;Body Natu;MODA;F;Activo;IVA 19%
25313;Body Natu Gris LXL;Body Natu;MODA;F;Activo;IVA 19%
25321;Body Natu Camel SM;Body Natu;MODA;F;Activo;IVA 19%
25323;Body Natu Camel LXL;Body Natu;MODA;F;Activo;IVA 19%
24981;Body Noah Negro SM;Body Noah;MODA;F;Activo;IVA 19%
24991;Body Noah Crema SM;Body Noah;MODA;F;Activo;IVA 19%
24993;Body Noah Crema LXL;Body Noah;MODA;F;Activo;IVA 19%
25001;Body Noah Blanco SM;Body Noah;MODA;F;Activo;IVA 19%
25011;Body Noah  Camel SM;Body Noah;MODA;F;Activo;IVA 19%
25013;Body Noah Camel LXL;Body Noah;MODA;F;Activo;IVA 19%
26401;Body Noah Verde Militar SM;Body Noah;MODA;F;Activo;IVA 19%
26403;Body Noah Verde Militar LXL;Body Noah;MODA;F;Activo;IVA 19%
26411;Body Noah Azul Oscuro SM;Body Noah;MODA;F;Activo;IVA 19%
26413;Body Noah Azul Oscuro LXL;Body Noah;MODA;F;Activo;IVA 19%
26421;Body Noah Cafe SM;Body Noah;MODA;F;Activo;IVA 19%
26423;Body Noah Cafe LXL;Body Noah;MODA;F;Activo;IVA 19%
26431;Body Noah Verde Oliva SM;Body Noah;MODA;F;Activo;IVA 19%
26433;body Noah Verde Oliva LXL;Body Noah;MODA;F;Activo;IVA 19%
26481;Body Noah Lila SM;Body Noah;MODA;F;Activo;IVA 19%
26483;BOdy Noah Lila LXL;Body Noah;MODA;F;Activo;IVA 19%
26841;Body Noah Vinotinto SM;Body Noah;MODA;F;Activo;IVA 19%
26843;Body Noah Vinotinto LXL;Body Noah;MODA;F;Activo;IVA 19%
26951;Body Noah Rojo S;Body Noah;MODA;F;Activo;IVA 19%
26953;Body Noah Rojo LXL;Body Noah;MODA;F;Activo;IVA 19%
26961;Body Noah Terracota SM;Body Noah;MODA;F;Activo;IVA 19%
26963;Body Noah Terracota LXL;Body Noah;MODA;F;Activo;IVA 19%
26971;Body Noah Azul Bebe SM;Body Noah;MODA;F;Activo;IVA 19%
26973;Body Noah Azul Bebe LXL;Body Noah;MODA;F;Activo;IVA 19%
28761;Body Noah Gris SM;Body Noah;MODA;F;Activo;IVA 19%
28763;Body Noah Gris LXL;Body Noah;MODA;F;Activo;IVA 19%
28961;Body Noah Durazno SM;Body Noah;MODA;F;Activo;IVA 19%
28963;Body Noah Durazno LXL;Body Noah;MODA;F;Activo;IVA 19%
28361;Body Oreo Negro SM;Body Oreo;MODA;F;Activo;IVA 19%
28363;Body Oreo Negro LXL;Body Oreo;MODA;F;Activo;IVA 19%
28371;Body Oreo Crema SM;Body Oreo;MODA;F;Activo;IVA 19%
28373;Body Oreo Crema LXL;Body Oreo;MODA;F;Activo;IVA 19%
28381;Body Oreo Blanco SM;Body Oreo;MODA;F;Activo;IVA 19%
28383;Body Oreo Blanco LXL;Body Oreo;MODA;F;Activo;IVA 19%
28391;Body Oreo Rojo SM;Body Oreo;MODA;F;Activo;IVA 19%
28393;Body Oreo Rojo LXL;Body Oreo;MODA;F;Activo;IVA 19%
28401;Body Oreo Terracota SM;Body Oreo;MODA;F;Activo;IVA 19%
28403;Body Oreo Terracota LXL;Body Oreo;MODA;F;Activo;IVA 19%
28411;Body Oreo Azul Oscuro SM;Body Oreo;MODA;F;Activo;IVA 19%
28413;Body Oreo Azul Oscuro LXL;Body Oreo;MODA;F;Activo;IVA 19%
28421;Body Oreo Azul Bebe SM;Body Oreo;MODA;F;Activo;IVA 19%
28423;Body Oreo Azul Bebe LXL;Body Oreo;MODA;F;Activo;IVA 19%
28431;Body Oreo Verde Militar SM;Body Oreo;MODA;F;Activo;IVA 19%
28433;Body Oreo Verde Militar LXL;Body Oreo;MODA;F;Activo;IVA 19%
28441;Body Oreo Verde Oliva SM;Body Oreo;MODA;F;Activo;IVA 19%
28443;Body Oreo Verde Oliva LXL;Body Oreo;MODA;F;Activo;IVA 19%
28451;Body Oreo Café SM;Body Oreo;MODA;F;Activo;IVA 19%
28453;Body Oreo Café LXL;Body Oreo;MODA;F;Activo;IVA 19%
28461;Body Oreo Gris SM;Body Oreo;MODA;F;Activo;IVA 19%
28463;Body Oreo Gris LXL;Body Oreo;MODA;F;Activo;IVA 19%
28471;Body Oreo Vinotinto SM;Body Oreo;MODA;F;Activo;IVA 19%
28473;Body Oreo Vinotinto LXL;Body Oreo;MODA;F;Activo;IVA 19%
28481;Body Oreo Durazno SM;Body Oreo;MODA;F;Activo;IVA 19%
28483;Body Oreo Durazno LXL;Body Oreo;MODA;F;Activo;IVA 19%
28491;Body Oreo Lila SM;Body Oreo;MODA;F;Activo;IVA 19%
28493;Body Oreo Lila LXL;Body Oreo;MODA;F;Activo;IVA 19%
28501;Body Oreo Camel SM;Body Oreo;MODA;F;Activo;IVA 19%
28503;Body Oreo Camel LXL;Body Oreo;MODA;F;Activo;IVA 19%
28911;Body Oreo Amarillos SM;Body Oreo;MODA;F;Activo;IVA 19%
28913;Body Oreo Amarillo LXL;Body Oreo;MODA;F;Activo;IVA 19%
24841;Body Paula Negro SM;Body Paula;MODA;F;Activo;IVA 19%
24843;Body Paula Negro LXL;Body Paula;MODA;F;Activo;IVA 19%
24851;Body Paula Blanco SM;Body Paula;MODA;F;Activo;IVA 19%
24853;Body Paula Blanco LXL;Body Paula;MODA;F;Activo;IVA 19%
24861;Body Paula Lila SM;Body Paula;MODA;F;Activo;IVA 19%
24863;Body Paula Lila LXL;Body Paula;MODA;F;Activo;IVA 19%
24871;Body Paula Verde Militar SM;Body Paula;MODA;F;Activo;IVA 19%
24873;Body Paula Verde Militar LXL;Body Paula;MODA;F;Activo;IVA 19%
24881;Body Paula Gris SM;Body Paula;MODA;F;Activo;IVA 19%
24883;Body Paula Gris LXL;Body Paula;MODA;F;Activo;IVA 19%
24891;Body Paula Azul Oscuro SM;Body Paula;MODA;F;Activo;IVA 19%
24893;Body Paula Azul Oscuro LXL;Body Paula;MODA;F;Activo;IVA 19%
24901;Body Paula Crema SM;Body Paula;MODA;F;Activo;IVA 19%
24903;Body Paula Crema LXL;Body Paula;MODA;F;Activo;IVA 19%
24983;Body Noah Negro LXL;Body Paula;MODA;F;Activo;IVA 19%
25003;Body Noah Blanco LXL;Body Paula;MODA;F;Activo;IVA 19%
25721;Body Paula Camel SM;Body Paula;MODA;F;Activo;IVA 19%
25723;Body Paula Camel LXL;Body Paula;MODA;F;Activo;IVA 19%
25733;Body Paula Cafe LXL;Body Paula;MODA;F;Activo;IVA 19%
25741;Body Paula Verde Oliva SM;Body Paula;MODA;F;Activo;IVA 19%
25743;Body Paula Verde Oliva LXL;Body Paula;MODA;F;Activo;IVA 19%
26831;Body Paula Vinotinto SM;Body Paula;MODA;F;Activo;IVA 19%
26833;Body Paula Vinotinto LXL;Body Paula;MODA;F;Activo;IVA 19%
27131;Body Paula Terracota SM;Body Paula;MODA;F;Activo;IVA 19%
27133;Body Paula Terracota LXL;Body Paula;MODA;F;Activo;IVA 19%
27221;Body Paula Rojo SM;Body Paula;MODA;F;Activo;IVA 19%
27223;Body Paula Rojo LXL;Body Paula;MODA;F;Activo;IVA 19%
27421;Body Paula Azul Bebe SM;Body Paula;MODA;F;Activo;IVA 19%
27423;Body Paula Azul Bebe LXL;Body Paula;MODA;F;Activo;IVA 19%
27541;Body Paula Durazno SM;Body Paula;MODA;F;Activo;IVA 19%
27543;Body Paula Durazno LXL;Body Paula;MODA;F;Activo;IVA 19%
28901;Body Paula Amarillo SM;Body Paula;MODA;F;Activo;IVA 19%
28903;Body Paula Amarillo LXL;Body Paula;MODA;F;Activo;IVA 19%
23323;Body Samy NegroLXL;Body Samy;MODA;F;Activo;IVA 19%
23331;Body Samy Crema SM;Body Samy;MODA;F;Activo;IVA 19%
23333;Body Samy Crema LXL;Body Samy;MODA;F;Activo;IVA 19%
23341;Body Samy Blanco SM;Body Samy;MODA;F;Activo;IVA 19%
23343;Body Samy Blanco LXL;Body Samy;MODA;F;Activo;IVA 19%
23361;Body Samy Azul Bebe SM;Body Samy;MODA;F;Activo;IVA 19%
23363;Body Samy Azul Bebe LXL;Body Samy;MODA;F;Activo;IVA 19%
23381;Body Samy Azul Oscuro SM;Body Samy;MODA;F;Activo;IVA 19%
23383;Body Samy Azul Oscuro LXL;Body Samy;MODA;F;Activo;IVA 19%
24141;Body Samy Terracota SM;Body Samy;MODA;F;Activo;IVA 19%
24143;Body Samy Terracota LXL;Body Samy;MODA;F;Activo;IVA 19%
24151;Body Samy Verde Militar SM;Body Samy;MODA;F;Activo;IVA 19%
24153;Body Samy Verde Militar LXL;Body Samy;MODA;F;Activo;IVA 19%
17131;Body Sisa Blanco SM;Body Sisa;MODA;F;Activo;IVA 19%
17133;Body Sisa Blanco LXL;Body Sisa;MODA;F;Activo;IVA 19%
17141;Body Sisa Negro SM;Body Sisa;MODA;F;Activo;IVA 19%
17143;Body Sisa Negro LXL;Body Sisa;MODA;F;Activo;IVA 19%
17151;Body Sisa Crema SM;Body Sisa;MODA;F;Activo;IVA 19%
17153;Body Sisa Crema LXL;Body Sisa;MODA;F;Activo;IVA 19%
17161;Body Sisa Fucsia SM;Body Sisa;MODA;F;Activo;IVA 19%
17163;Body Sisa Fucsia LXL;Body Sisa;MODA;F;Activo;IVA 19%
17201;Body Sisa Azul Oscuro SM;Body Sisa;MODA;F;Activo;IVA 19%
17203;Body Sisa Azul Oscuro LXL;Body Sisa;MODA;F;Activo;IVA 19%
22681;Body Sisa Camel SM;Body Sisa;MODA;F;Activo;IVA 19%
22683;Body Sisa Camel LXL;Body Sisa;MODA;F;Activo;IVA 19%
24211;Body Sisa Terracota SM;Body Sisa;MODA;F;Activo;IVA 19%
24213;Body Sisa Terracota LXL;Body Sisa;MODA;F;Activo;IVA 19%
24221;Body Sisa Azul Bebe SM;Body Sisa;MODA;F;Activo;IVA 19%
24223;Body Sisa Azul Bebe LXL;Body Sisa;MODA;F;Activo;IVA 19%
24231;Body Sisa Durazno SM;Body Sisa;MODA;F;Activo;IVA 19%
24233;Body Sisa Durazno LXL;Body Sisa;MODA;F;Activo;IVA 19%
24241;Body Sisa Verde MilItar SM;Body Sisa;MODA;F;Activo;IVA 19%
24243;Body Sisa Verde MilItar LXL;Body Sisa;MODA;F;Activo;IVA 19%
25491;Body Sisa Verde Cali SM;Body Sisa;MODA;F;Activo;IVA 19%
25493;Body Sisa Verde Cali LXL;Body Sisa;MODA;F;Activo;IVA 19%
25501;Body Sisa Agua Marina SM;Body Sisa;MODA;F;Activo;IVA 19%
25503;Body Sisa Agua Marina LXL;Body Sisa;MODA;F;Activo;IVA 19%
25511;Body Sisa Rojo SM;Body Sisa;MODA;F;Activo;IVA 19%
25513;Body Sisa Rojo LXL;Body Sisa;MODA;F;Activo;IVA 19%
25521;Body Sisa Cafe SM;Body Sisa;MODA;F;Activo;IVA 19%
25523;Body Sisa Cafe LXL;Body Sisa;MODA;F;Activo;IVA 19%
27231;Body Sisa Verde Oliva SM;Body Sisa;MODA;F;Activo;IVA 19%
27233;Body Sisa Verde Oliva LXL;Body Sisa;MODA;F;Activo;IVA 19%
27241;Body Sisa Vinotinto SM;Body Sisa;MODA;F;Activo;IVA 19%
27243;Body Sisa Vinotinto LXL;Body Sisa;MODA;F;Activo;IVA 19%
28051;Body Sisa Lila SM;Body Sisa;MODA;F;Activo;IVA 19%
28053;Body Sisa Lila LXL;Body Sisa;MODA;F;Activo;IVA 19%
28071;Body Sisa Gris SM;Body Sisa;MODA;F;Activo;IVA 19%
28073;Body Sisa Gris LXL;Body Sisa;MODA;F;Activo;IVA 19%
29191;Body Sisa Amarillo SM;Body Sisa;MODA;F;Activo;IVA 19%
29193;Body Sisa Amarillo LXL;Body Sisa;MODA;F;Activo;IVA 19%
25331;Body Sol Negro SM;Body Sol;MODA;F;Activo;IVA 19%
25333;Body Sol Negro LXL;Body Sol;MODA;F;Activo;IVA 19%
25341;Body Sol Crema SM;Body Sol;MODA;F;Activo;IVA 19%
25343;Body Sol Crema LXL;Body Sol;MODA;F;Activo;IVA 19%
25351;Body Sol Blanco SM;Body Sol;MODA;F;Activo;IVA 19%
25353;Body Sol Blanco LXL;Body Sol;MODA;F;Activo;IVA 19%
25361;Body Sol Durazno SM;Body Sol;MODA;F;Activo;IVA 19%
25363;Body Sol Durazno LXL;Body Sol;MODA;F;Activo;IVA 19%
25371;Body Sol Verde Militar SM;Body Sol;MODA;F;Activo;IVA 19%
25373;Body Sol Verde Militar LXL;Body Sol;MODA;F;Activo;IVA 19%
25381;Body Sol Café SM;Body Sol;MODA;F;Activo;IVA 19%
25383;Body Sol Café LXL;Body Sol;MODA;F;Activo;IVA 19%
25391;Body Sol Azul Oscuro SM;Body Sol;MODA;F;Activo;IVA 19%
25393;Body Sol Azul Oscuro LXL;Body Sol;MODA;F;Activo;IVA 19%
25401;Body Sol Gris SM;Body Sol;MODA;F;Activo;IVA 19%
25403;Body Sol Gris LXL;Body Sol;MODA;F;Activo;IVA 19%
25411;Body Sol Camel SM;Body Sol;MODA;F;Activo;IVA 19%
25413;Body Sol Camel LXL;Body Sol;MODA;F;Activo;IVA 19%
27661;Body Sol Rojo SM;Body Sol;MODA;F;Activo;IVA 19%
27663;Body Sol Rojo LXL;Body Sol;MODA;F;Activo;IVA 19%
2448;Body Surtido;Body Surtido;MODA;F;Activo;IVA 19%
26931;Body Milu Terracota SM;Body Surtido;MODA;F;Activo;IVA 19%
29511;Body Taty Negro SM;Body Taty;MODA;F;Activo;IVA 19%
29513;Body Taty Negro  LXL;Body Taty;MODA;F;Activo;IVA 19%
29521;Body Taty Crema SM;Body Taty;MODA;F;Activo;IVA 19%
29523;Body Taty Crema  LXL;Body Taty;MODA;F;Activo;IVA 19%
29531;Body Taty Blanco SM;Body Taty;MODA;F;Activo;IVA 19%
29533;Body Taty Blanco  LXL;Body Taty;MODA;F;Activo;IVA 19%
29541;Body Taty Terracota SM;Body Taty;MODA;F;Activo;IVA 19%
29543;Body Taty Terracota LXL;Body Taty;MODA;F;Activo;IVA 19%
29551;Body Taty Vinotinto SM;Body Taty;MODA;F;Activo;IVA 19%
29553;Body Taty Vinotinto  LXL;Body Taty;MODA;F;Activo;IVA 19%
29561;Body Taty Azul Oscuro SM;Body Taty;MODA;F;Activo;IVA 19%
29563;Body Taty Azul Oscuro  LXL;Body Taty;MODA;F;Activo;IVA 19%
29571;Body Taty Verde Oliva SM;Body Taty;MODA;F;Activo;IVA 19%
29573;Body Taty Verde Oliva  LXL;Body Taty;MODA;F;Activo;IVA 19%
29581;Body Taty Café SM;Body Taty;MODA;F;Activo;IVA 19%
29583;Body Taty Café  LXL;Body Taty;MODA;F;Activo;IVA 19%
29591;Body Taty Amarillo SM;Body Taty;MODA;F;Activo;IVA 19%
29593;Body Taty Amarillo  LXL;Body Taty;MODA;F;Activo;IVA 19%
29601;Body Taty Camel SM;Body Taty;MODA;F;Activo;IVA 19%
29603;Body Taty Camel  LXL;Body Taty;MODA;F;Activo;IVA 19%
23391;Body Tina Negro SM;Body Tina ;MODA;F;Activo;IVA 19%
23393;Body Tina Negro LXL;Body Tina ;MODA;F;Activo;IVA 19%
23401;Body Tina Crema SM;Body Tina ;MODA;F;Activo;IVA 19%
23403;Body Tina Crema LXL;Body Tina ;MODA;F;Activo;IVA 19%
23411;Body Tina Blanco SM;Body Tina ;MODA;F;Activo;IVA 19%
23413;Body Tina Blanco LXL;Body Tina ;MODA;F;Activo;IVA 19%
23421;Body Tina Rojo SM;Body Tina ;MODA;F;Activo;IVA 19%
23423;Body Tina Rojo LXL;Body Tina ;MODA;F;Activo;IVA 19%
23431;Body Tina Verde Militar SM;Body Tina ;MODA;F;Activo;IVA 19%
23433;Body Tina Verde Militar LXL;Body Tina ;MODA;F;Activo;IVA 19%
23441;Body Tina Cafe SM;Body Tina ;MODA;F;Activo;IVA 19%
23443;Body Tina Cafe LXL;Body Tina ;MODA;F;Activo;IVA 19%
23951;Body Tina Azul Oscuro SM;Body Tina ;MODA;F;Activo;IVA 19%
23953;Body Tina Azul Oscuro LXL;Body Tina ;MODA;F;Activo;IVA 19%
28541;Body Una Manga Negro SM;Body Una Manga;MODA;F;Activo;IVA 19%
28543;Body Una Manga Negro LXL;Body Una Manga;MODA;F;Activo;IVA 19%
28551;Body Una Manga Crema SM;Body Una Manga;MODA;F;Activo;IVA 19%
28553;Body Una Manga Crema LXL;Body Una Manga;MODA;F;Activo;IVA 19%
28561;Body Una Manga Blanco SM;Body Una Manga;MODA;F;Activo;IVA 19%
28563;Body Una Manga Blanco LXL;Body Una Manga;MODA;F;Activo;IVA 19%
28571;Body Una Manga Terracota SM;Body Una Manga;MODA;F;Activo;IVA 19%
28573;Body Una Manga Terracota LXL;Body Una Manga;MODA;F;Activo;IVA 19%
28581;Body Una Manga Vinotinto SM;Body Una Manga;MODA;F;Activo;IVA 19%
28591;Body Una Manga Azul Bebe SM;Body Una Manga;MODA;F;Activo;IVA 19%
28593;Body Una Manga Azul Bebe LXL;Body Una Manga;MODA;F;Activo;IVA 19%
28601;Body Una Manga Verde Oliva SM;Body Una Manga;MODA;F;Activo;IVA 19%
28603;Body Una Manga Verde Oliva LXL;Body Una Manga;MODA;F;Activo;IVA 19%
28611;Body Una Manga Verde Militar SM;Body Una Manga;MODA;F;Activo;IVA 19%
28613;Body Una Manga Verde Militar LXL;Body Una Manga;MODA;F;Activo;IVA 19%
28621;Body Una Manga Rojo SM;Body Una Manga;MODA;F;Activo;IVA 19%
28623;Body Una Manga Verde Rojo LXL;Body Una Manga;MODA;F;Activo;IVA 19%
28631;Body Una Manga Camel SM;Body Una Manga;MODA;F;Activo;IVA 19%
28633;Body Una Manga Camel LXL;Body Una Manga;MODA;F;Activo;IVA 19%
28641;Body Una Manga Durazno SM;Body Una Manga;MODA;F;Activo;IVA 19%
28643;Body Una Manga Durazno LXL;Body Una Manga;MODA;F;Activo;IVA 19%
28651;Body Una Manga Café SM;Body Una Manga;MODA;F;Activo;IVA 19%
28653;Body Una Manga Café LXL;Body Una Manga;MODA;F;Activo;IVA 19%
28661;Body Una Manga Gris SM;Body Una Manga;MODA;F;Activo;IVA 19%
28663;Body Una Manga Gris LXL;Body Una Manga;MODA;F;Activo;IVA 19%
28671;Body Una Manga Lila SM;Body Una Manga;MODA;F;Activo;IVA 19%
28673;Body Una Manga Lila LXL;Body Una Manga;MODA;F;Activo;IVA 19%
29151;Body Una Manga Azul Oscuro SM;Body Una Manga;MODA;F;Activo;IVA 19%
29153;Body Una Manga Azul Oscuro LXL;Body Una Manga;MODA;F;Activo;IVA 19%
29631;Body Una Manga Palo Rosa SM;Body Una Manga;MODA;F;Activo;IVA 19%
29633;Body Una Manga Palo Rosa LXL;Body Una Manga;MODA;F;Activo;IVA 19%
29641;Body Una Manga Verde Lima SM;Body Una Manga;MODA;F;Activo;IVA 19%
29643;Body Una Manga Verde Lima LXL;Body Una Manga;MODA;F;Activo;IVA 19%
11;Buzo importado;Buzos;MODA;F;Activo;IVA 19%
2000;Buzo capota importado;Buzos;MODA;F;Activo;IVA 19%
2034;Buzo Perchado;Buzos;MODA;F;Activo;IVA 19%
29690;Recto Corto Palo Rosa U;Top Recto Corto ;MODA;F;Activo;IVA 19%
29700;Recto Corto Verde Lima U;Top Recto Corto ;MODA;F;Activo;IVA 19%
19920;Top Alana Cafe U;Top Alana;MODA;F;Activo;IVA 19%
24280;Top Alana Negro U;Top Alana;MODA;F;Activo;IVA 19%
24290;Top Alana Crema U;Top Alana;MODA;F;Activo;IVA 19%
2430;Top Alana Blanco U;Top Alana;MODA;F;Activo;IVA 19%
24300;Top Alana Blanco S;Top Alana;MODA;F;Activo;IVA 19%
24310;Top Alana Azul Oscuro U;Top Alana;MODA;F;Activo;IVA 19%
24320;Top Alana Agua Marina U;Top Alana;MODA;F;Activo;IVA 19%
24330;Top Alana Gris U;Top Alana;MODA;F;Activo;IVA 19%
2446;Top Alana Camel U;Top Alana;MODA;F;Activo;IVA 19%
24460;Top Alana Camel U;Top Alana;MODA;F;Activo;IVA 19%
27630;Top Alana Lila U;Top Alana;MODA;F;Activo;IVA 19%
27640;Top Alana Azul Bebe U;Top Alana;MODA;F;Activo;IVA 19%
27650;Top Alana Durazno U;Top Alana;MODA;F;Activo;IVA 19%
27791;Top Atenea Negro SM;Top Atenea;MODA;F;Activo;IVA 19%
27793;Top Atenea Negro LXL;Top Atenea;MODA;F;Activo;IVA 19%
27801;Top Atenea Crema SM;Top Atenea;MODA;F;Activo;IVA 19%
27803;Top Atenea Crema LXL;Top Atenea;MODA;F;Activo;IVA 19%
27811;Top Atenea Blanco SM;Top Atenea;MODA;F;Activo;IVA 19%
27813;Top Atenea Blanco LXL;Top Atenea;MODA;F;Activo;IVA 19%
27821;Top Atenea Terracota SM;Top Atenea;MODA;F;Activo;IVA 19%
27823;Top Atenea Terracota LXL;Top Atenea;MODA;F;Activo;IVA 19%
27831;Top Atenea Vinotinto SM;Top Atenea;MODA;F;Activo;IVA 19%
27833;Top Atenea Vinotinto LXL;Top Atenea;MODA;F;Activo;IVA 19%
27841;Top Atenea Azul Oscuro SM;Top Atenea;MODA;F;Activo;IVA 19%
27843;Top Atenea Azul Oscuro LXL;Top Atenea;MODA;F;Activo;IVA 19%
27851;Top Atenea Azul Bebe SM;Top Atenea;MODA;F;Activo;IVA 19%
27853;Top Atenea Azul Bebe LXL;Top Atenea;MODA;F;Activo;IVA 19%
27861;Top Atenea Verde Militar SM;Top Atenea;MODA;F;Activo;IVA 19%
27863;Top Atenea Verde Militar LXL;Top Atenea;MODA;F;Activo;IVA 19%
27871;Top Atenea Camel SM;Top Atenea;MODA;F;Activo;IVA 19%
27873;Top Atenea Camel LXL;Top Atenea;MODA;F;Activo;IVA 19%
27881;Top Atenea Gris SM;Top Atenea;MODA;F;Activo;IVA 19%
27883;Top Atenea Gris LXL;Top Atenea;MODA;F;Activo;IVA 19%
27891;Top Atenea Lila SM;Top Atenea;MODA;F;Activo;IVA 19%
27893;Top Atenea Lila LXL;Top Atenea;MODA;F;Activo;IVA 19%
28241;Top Atenea Café SM;Top Atenea;MODA;F;Activo;IVA 19%
28243;Top Atenea Café LXL;Top Atenea;MODA;F;Activo;IVA 19%
21420;Top Cuadrado Terracota U;Top Aven;MODA;F;Activo;IVA 19%
24410;Top Aven Negro U;Top Aven;MODA;F;Activo;IVA 19%
24420;Top Aven Crema U;Top Aven;MODA;F;Activo;IVA 19%
24430;Top Aven Blanco U;Top Aven;MODA;F;Activo;IVA 19%
24440;Top Aven Aguamarina U;Top Aven;MODA;F;Activo;IVA 19%
24450;Top Aven Durazno U;Top Aven;MODA;F;Activo;IVA 19%
25100;Top Aven Azul Bebe U;Top Aven;MODA;F;Activo;IVA 19%
25110;Top Aven Verde Militar;Top Aven;MODA;F;Activo;IVA 19%
25120;Top Aven Verde Cali;Top Aven;MODA;F;Activo;IVA 19%
25130;Top Aven Camel;Top Aven;MODA;F;Activo;IVA 19%
25780;Top Aven Azul Oscuro;Top Aven;MODA;F;Activo;IVA 19%
25790;Top Aven Café;Top Aven;MODA;F;Activo;IVA 19%
25800;Top Aven Verde Oliva;Top Aven;MODA;F;Activo;IVA 19%
27120;Top Aven Terracota;Top Aven;MODA;F;Activo;IVA 19%
27270;Top Cuadrado Camel U;Top Aven;MODA;F;Activo;IVA 19%
28150;Top Aven Gris U;Top Aven;MODA;F;Activo;IVA 19%
28520;Top Aven Lila U;Top Aven;MODA;F;Activo;IVA 19%
28530;Top Aven Rojo SM;Top Aven;MODA;F;Activo;IVA 19%
28860;Top Aven Amarilo U;Top Aven;MODA;F;Activo;IVA 19%
29710;Top Aven Palo Rosa U;Top Aven;MODA;F;Activo;IVA 19%
29720;Top Aven Verde Lima U;Top Aven;MODA;F;Activo;IVA 19%
28140;Top Aven Vinotinto U;Top Aven ;MODA;F;Activo;IVA 19%
29411;Top Baby Negro SM;Top Baby;MODA;F;Activo;IVA 19%
29413;Top Baby Negro LXL;Top Baby;MODA;F;Activo;IVA 19%
29421;Top Baby Crema SM;Top Baby;MODA;F;Activo;IVA 19%
29423;Top Baby Crema  LXL;Top Baby;MODA;F;Activo;IVA 19%
29431;Top Baby Blanco SM;Top Baby;MODA;F;Activo;IVA 19%
29433;Top Baby Blanco  LXL;Top Baby;MODA;F;Activo;IVA 19%
29441;Top Baby Terracota SM;Top Baby;MODA;F;Activo;IVA 19%
29443;Top Baby Terracota  LXL;Top Baby;MODA;F;Activo;IVA 19%
29451;Top Baby Vinotinto SM;Top Baby;MODA;F;Activo;IVA 19%
29453;Top Baby Vinotinto  LXL;Top Baby;MODA;F;Activo;IVA 19%
29461;Top Baby Azul Oscuro SM;Top Baby;MODA;F;Activo;IVA 19%
29463;Top Baby Azul Oscuro  LXL;Top Baby;MODA;F;Activo;IVA 19%
29471;Top Baby Verde Oliva SM;Top Baby;MODA;F;Activo;IVA 19%
29473;Top Baby Verde Oliva  LXL;Top Baby;MODA;F;Activo;IVA 19%
29481;Top Baby Café SM;Top Baby;MODA;F;Activo;IVA 19%
29483;Top Baby Café  LXL;Top Baby;MODA;F;Activo;IVA 19%
29491;Top Baby Amarillo SM;Top Baby;MODA;F;Activo;IVA 19%
29493;Top Baby Amarillo  LXL;Top Baby;MODA;F;Activo;IVA 19%
29501;Top Baby Camel SM;Top Baby;MODA;F;Activo;IVA 19%
29503;Top Baby Camel  LXL;Top Baby;MODA;F;Activo;IVA 19%
27721;Top Balu Negro SM;Top Balu;MODA;F;Activo;IVA 19%
27723;Top Balu Negro LXL;Top Balu;MODA;F;Activo;IVA 19%
27731;Top Balu Crema SM;Top Balu;MODA;F;Activo;IVA 19%
27733;Top Balu Crema LXL;Top Balu;MODA;F;Activo;IVA 19%
27741;Top Balu Terracota SM;Top Balu;MODA;F;Activo;IVA 19%
27743;Top Balu Terracota LXL;Top Balu;MODA;F;Activo;IVA 19%
27751;Top Balu Azul Oscuro SM;Top Balu;MODA;F;Activo;IVA 19%
27753;Top Balu Azul Oscuro LXL;Top Balu;MODA;F;Activo;IVA 19%
27761;Top Balu Verde Militar SM;Top Balu;MODA;F;Activo;IVA 19%
27763;Top Balu Verde Militar LXL;Top Balu;MODA;F;Activo;IVA 19%
27771;Top Balu Cafe SM;Top Balu;MODA;F;Activo;IVA 19%
27773;Top Balu Cafe LXL;Top Balu;MODA;F;Activo;IVA 19%
27781;Top Balu Camel SM;Top Balu;MODA;F;Activo;IVA 19%
27783;Top Balu Camel LXL;Top Balu;MODA;F;Activo;IVA 19%
28081;Top Balu Gris SM;Top Balu;MODA;F;Activo;IVA 19%
28083;Top Balu Gris LXL;Top Balu;MODA;F;Activo;IVA 19%
28091;Top Balu Blanco SM;Top Balu;MODA;F;Activo;IVA 19%
28093;Top Balu Blanco LXL;Top Balu;MODA;F;Activo;IVA 19%
28101;Top Balu Vinotinto SM;Top Balu;MODA;F;Activo;IVA 19%
28103;Top Balu Vinotinto LXL;Top Balu;MODA;F;Activo;IVA 19%
28111;Top Balu Azul Bebe SM;Top Balu;MODA;F;Activo;IVA 19%
28113;Top Balu Azul Bebe LXL;Top Balu;MODA;F;Activo;IVA 19%
28931;Top Balu Amarillo SM;Top Balu;MODA;F;Activo;IVA 19%
28933;Top Balu Amarillo LXL;Top Balu;MODA;F;Activo;IVA 19%
28981;Top Balu Verde Oliva SM;Top Balu;MODA;F;Activo;IVA 19%
28983;Top Balu Verde Oliva LXL;Top Balu;MODA;F;Activo;IVA 19%
28991;Top Balu Rojo SM;Top Balu;MODA;F;Activo;IVA 19%
28993;Top Balu Rojo LXL;Top Balu;MODA;F;Activo;IVA 19%
16680;Top Cuadrado Crema U;Top Cuadrado;MODA;F;Activo;IVA 19%
16700;Top Cuadrado Blanco U;Top Cuadrado;MODA;F;Activo;IVA 19%
16730;Top Cuadrado Negro U;Top Cuadrado;MODA;F;Activo;IVA 19%
16910;Top Cuadrado Café U;Top Cuadrado;MODA;F;Activo;IVA 19%
21360;Top Cuadrado Verde Oliva U;Top Cuadrado;MODA;F;Activo;IVA 19%
21370;Top Cuadrado Naranja U;Top Cuadrado;MODA;F;Activo;IVA 19%
21390;Top Cuadrado Azul Oscuro U;Top Cuadrado;MODA;F;Activo;IVA 19%
2140;Top Cuadrado Purpura U;Top Cuadrado;MODA;F;Activo;IVA 19%
21400;Top Cuadrado Purpura U;Top Cuadrado;MODA;F;Activo;IVA 19%
2141;Top Cuadrado Fucsia U;Top Cuadrado;MODA;F;Activo;IVA 19%
21410;Top Cuadrado Fucsia U;Top Cuadrado;MODA;F;Activo;IVA 19%
21450;Top Cuadrado Rojo U;Top Cuadrado;MODA;F;Activo;IVA 19%
2147;Top Cuadrado Amarillo Pastel U;Top Cuadrado;MODA;F;Activo;IVA 19%
21470;Top Cuadrado Amarillo Pastel U;Top Cuadrado;MODA;F;Activo;IVA 19%
2148;Top Cuadrado Azul Rey U;Top Cuadrado;MODA;F;Activo;IVA 19%
21480;Top Cuadrado Azul Rey U;Top Cuadrado;MODA;F;Activo;IVA 19%
2244;Top Cuadrado Mora Leche U;Top Cuadrado;MODA;F;Activo;IVA 19%
22440;Top Cuadrado Mora Leche U;Top Cuadrado;MODA;F;Activo;IVA 19%
27280;Top Cuadrado Verde Militar U;Top Cuadrado;MODA;F;Activo;IVA 19%
27550;Top Cuadrado Vinotinto U;Top Cuadrado;MODA;F;Activo;IVA 19%
27560;Top Cuadrado Azul Bebe U;Top Cuadrado;MODA;F;Activo;IVA 19%
27570;Top Cuadrado Durazno U;Top Cuadrado;MODA;F;Activo;IVA 19%
27580;Top Cuadrado Gris U;Top Cuadrado;MODA;F;Activo;IVA 19%
27670;Top Cuadrado Lila U;Top Cuadrado;MODA;F;Activo;IVA 19%
25020;Top Hera Negro U;Top Hera;MODA;F;Activo;IVA 19%
25030;Top Hera Crema U;Top Hera;MODA;F;Activo;IVA 19%
25040;Top Hera Lila U;Top Hera;MODA;F;Activo;IVA 19%
25050;Top Hera Verde Militar U;Top Hera;MODA;F;Activo;IVA 19%
25060;Top Hera Cafe U;Top Hera;MODA;F;Activo;IVA 19%
25070;Top Hera Gris U;Top Hera;MODA;F;Activo;IVA 19%
25810;Top Hera Blanco U;Top Hera;MODA;F;Activo;IVA 19%
25820;Top Hera Azul Oscuro U;Top Hera;MODA;F;Activo;IVA 19%
25830;Top Hera Azul Bebe U;Top Hera;MODA;F;Activo;IVA 19%
25850;Top Hera Camel U;Top Hera;MODA;F;Activo;IVA 19%
25860;Top Hera Vinotinto U;Top Hera;MODA;F;Activo;IVA 19%
25870;Top Hera Durazno U;Top Hera;MODA;F;Activo;IVA 19%
25880;Top Hera Verde Cali U;Top Hera;MODA;F;Activo;IVA 19%
25890;Top Hera Agua Marina U;Top Hera;MODA;F;Activo;IVA 19%
25900;Top Hera Terracota U;Top Hera;MODA;F;Activo;IVA 19%
25960;Top Hera Verde Oliva U;Top Hera;MODA;F;Activo;IVA 19%
16840;Top Hombro Verde Cali U;Top Hombro;MODA;F;Activo;IVA 19%
26300;Top Hombro Nego U;Top Hombro;MODA;F;Activo;IVA 19%
26310;Top Hombro Blanco U;Top Hombro;MODA;F;Activo;IVA 19%
26320;Top Hombro Crema U;Top Hombro;MODA;F;Activo;IVA 19%
26330;Top Hombro Camel U;Top Hombro;MODA;F;Activo;IVA 19%
26340;Top Hombro Verde Militar U;Top Hombro;MODA;F;Activo;IVA 19%
26350;Top Hombro Azul Oscuro U;Top Hombro;MODA;F;Activo;IVA 19%
26360;Top Hombro Café U;Top Hombro;MODA;F;Activo;IVA 19%
26370;Top Hombro Verde Oliva U;Top Hombro;MODA;F;Activo;IVA 19%
26380;Top Hombro Lila U;Top Hombro;MODA;F;Activo;IVA 19%
26490;Top Hombro Durazno U;Top Hombro;MODA;F;Activo;IVA 19%
26670;Top Hombro Azul Bebe;Top Hombro;MODA;F;Activo;IVA 19%
26680;Top Hombro Gris;Top Hombro;MODA;F;Activo;IVA 19%
26690;Top Hombro Vinotinto U;Top Hombro;MODA;F;Activo;IVA 19%
26700;Top Hombro Terracota U;Top Hombro;MODA;F;Activo;IVA 19%
29020;Top Hombro Rojo U;Top Hombro;MODA;F;Activo;IVA 19%
29731;Top Jazmín Verde Militar SM;Top Jazmín;MODA;F;Activo;IVA 19%
29733;Top Jazmín Verde Militar LXL;Top Jazmín;MODA;F;Activo;IVA 19%
29741;Top Jazmín Crema SM;Top Jazmín;MODA;F;Activo;IVA 19%
29743;Top Jazmín Crema LXL;Top Jazmín;MODA;F;Activo;IVA 19%
29751;Top Jazmín Blanco SM;Top Jazmín;MODA;F;Activo;IVA 19%
29753;Top Jazmín Blanco LXL;Top Jazmín;MODA;F;Activo;IVA 19%
29761;Top Jazmín Café SM;Top Jazmín;MODA;F;Activo;IVA 19%
29763;Top Jazmín Café LXL;Top Jazmín;MODA;F;Activo;IVA 19%
29771;Top Jazmín Negro SM;Top Jazmín;MODA;F;Activo;IVA 19%
29773;Top Jazmín Negro LXL;Top Jazmín;MODA;F;Activo;IVA 19%
29781;Top Jazmín Verde Oliva SM;Top Jazmín;MODA;F;Activo;IVA 19%
29783;Top Jazmín Verde Oliva LXL;Top Jazmín;MODA;F;Activo;IVA 19%
29791;Top Jazmín Terracota SM;Top Jazmín;MODA;F;Activo;IVA 19%
29793;Top Jazmín Terracota LXL;Top Jazmín;MODA;F;Activo;IVA 19%
29801;Top Jazmín Rojo SM;Top Jazmín;MODA;F;Activo;IVA 19%
29803;Top Jazmín Rojo LXL;Top Jazmín;MODA;F;Activo;IVA 19%
29811;Top Jazmín Camel SM;Top Jazmín;MODA;F;Activo;IVA 19%
29813;Top Jazmín Camel LXL;Top Jazmín;MODA;F;Activo;IVA 19%
29821;Top Jazmín Azul Oscuro SM;Top Jazmín;MODA;F;Activo;IVA 19%
29823;Top Jazmín Azul Oscuro LXL;Top Jazmín;MODA;F;Activo;IVA 19%
19221;Top Kiara Café Claro S;Top Kiara ;MODA;F;Activo;IVA 19%
19223;Top Kiara Café Claro L;Top Kiara ;MODA;F;Activo;IVA 19%
19231;Top Kiara Fucsia S;Top Kiara ;MODA;F;Activo;IVA 19%
19233;Top Kiara Fucsia L;Top Kiara ;MODA;F;Activo;IVA 19%
19241;Top Kiara Crema / Beige S;Top Kiara ;MODA;F;Activo;IVA 19%
19243;Top Kiara Crema/ Beige L;Top Kiara ;MODA;F;Activo;IVA 19%
19261;Top Kiara Negro S;Top Kiara ;MODA;F;Activo;IVA 19%
19263;Top Kiara Negro L;Top Kiara ;MODA;F;Activo;IVA 19%
20261;Top Lassie Largo Verde Militar SM;Top Kiara ;MODA;F;Activo;IVA 19%
21841;Top Kiara Verde Oliva SM;Top Kiara ;MODA;F;Activo;IVA 19%
21843;Top Kiara Verde Oliva LXL;Top Kiara ;MODA;F;Activo;IVA 19%
21851;Top Kiara Naranja SM;Top Kiara ;MODA;F;Activo;IVA 19%
21853;Top Kiara Naranja LXL;Top Kiara ;MODA;F;Activo;IVA 19%
21861;Top Kiara Capuchino SM;Top Kiara ;MODA;F;Activo;IVA 19%
21863;Top Kiara Capuchino LXL;Top Kiara ;MODA;F;Activo;IVA 19%
21871;Top Kiara Azul Petroleo SM;Top Kiara ;MODA;F;Activo;IVA 19%
21873;Top Kiara Azul Petroleo LXL;Top Kiara ;MODA;F;Activo;IVA 19%
21881;Top Kiara Café SM;Top Kiara ;MODA;F;Activo;IVA 19%
21883;Top Kiara Café LXL;Top Kiara ;MODA;F;Activo;IVA 19%
21891;Top Kiara Purpura SM;Top Kiara ;MODA;F;Activo;IVA 19%
21893;Top Kiara Purpura LXL;Top Kiara ;MODA;F;Activo;IVA 19%
21901;Top Kiara Terracota SM;Top Kiara ;MODA;F;Activo;IVA 19%
21911;Top Kiara Amarillo Pastel SM;Top Kiara ;MODA;F;Activo;IVA 19%
21913;Top Kiara Amarillo Pastel LXL;Top Kiara ;MODA;F;Activo;IVA 19%
21921;Top Kiara Azul Rey SM;Top Kiara ;MODA;F;Activo;IVA 19%
21923;Top Kiara Azul Rey LXL;Top Kiara ;MODA;F;Activo;IVA 19%
21931;Top Kiara Rojo SM;Top Kiara ;MODA;F;Activo;IVA 19%
21933;Top Kiara Rojo LXL;Top Kiara ;MODA;F;Activo;IVA 19%
25451;Top Kiara Blanco SM;Top Kiara ;MODA;F;Activo;IVA 19%
25453;Top Kiara Blanco LXL;Top Kiara ;MODA;F;Activo;IVA 19%
20950;Top Lassie Corto Negro U;Top Lassie Corto;MODA;F;Activo;IVA 19%
21000;Top Lassie Corto Azul Oscuro U;Top Lassie Corto;MODA;F;Activo;IVA 19%
21040;Top Lassie Corto Verde Militar U;Top Lassie Corto;MODA;F;Activo;IVA 19%
21050;Top Lassie Corto Camel U;Top Lassie Corto;MODA;F;Activo;IVA 19%
21060;Top Lassie Corto Crema U;Top Lassie Corto;MODA;F;Activo;IVA 19%
2555;Top Lassie Corto Cafe u;Top Lassie Corto;MODA;F;Activo;IVA 19%
25570;Top Lassie Corto Verde Oliva U;Top Lassie Corto;MODA;F;Activo;IVA 19%
25910;Top Lassie Corto Blanco U;Top Lassie Corto;MODA;F;Activo;IVA 19%
25940;Top Lassie Corto Café U;Top Lassie Corto;MODA;F;Activo;IVA 19%
27260;Top Lassie Corto Terracota;Top Lassie Corto;MODA;F;Activo;IVA 19%
28130;Top Lassie Corto Vinotinto U;Top Lassie Corto;MODA;F;Activo;IVA 19%
28720;Top Lassie Corto Lila U;Top Lassie Corto;MODA;F;Activo;IVA 19%
28730;Top Lassie Corto Durazno;Top Lassie Corto;MODA;F;Activo;IVA 19%
28740;Top Lassie Corto Rojo U;Top Lassie Corto;MODA;F;Activo;IVA 19%
28750;Top Lassie Corto Gris U;Top Lassie Corto;MODA;F;Activo;IVA 19%
28831;Top Lassie Corto Azul Bebe U;Top Lassie Corto;MODA;F;Activo;IVA 19%
28890;Top Lassie Corto Amarillo U;Top Lassie Corto;MODA;F;Activo;IVA 19%
20263;Top Lassie Largo Verde Militar LXL;Top Lassie Largo;MODA;F;Activo;IVA 19%
20271;Top Lassie Largo Azul Bebe SM;Top Lassie Largo;MODA;F;Activo;IVA 19%
20273;Top Lassie Largo Azul Bebe LXL;Top Lassie Largo;MODA;F;Activo;IVA 19%
20291;Top Lassie Largo Purpura SM;Top Lassie Largo;MODA;F;Activo;IVA 19%
20301;Top Lassie Largo Lila SM;Top Lassie Largo;MODA;F;Activo;IVA 19%
20303;Top Lassie Largo Lila LXL;Top Lassie Largo;MODA;F;Activo;IVA 19%
2031;Top Lassie Largo Blanco;Top Lassie Largo;MODA;F;Activo;IVA 19%
20311;Top Lassie Largo Blanco SM;Top Lassie Largo;MODA;F;Activo;IVA 19%
20313;Top Lassie Largo Blanco LXL;Top Lassie Largo;MODA;F;Activo;IVA 19%
20321;Top Lassie Largo Negro SM;Top Lassie Largo;MODA;F;Activo;IVA 19%
20323;Top Lassie Largo Negro LXL;Top Lassie Largo;MODA;F;Activo;IVA 19%
21731;Top Lassie Largo Verde Oliva SM;Top Lassie Largo;MODA;F;Activo;IVA 19%
21733;Top Lassie Largo Verde Oliva LXL;Top Lassie Largo;MODA;F;Activo;IVA 19%
21741;Top Lassie Largo Naranja SM;Top Lassie Largo;MODA;F;Activo;IVA 19%
21761;Top Lassie Largo Azul Oscuro SM;Top Lassie Largo;MODA;F;Activo;IVA 19%
21763;Top Lassie Largo Azul Oscuro LXL;Top Lassie Largo;MODA;F;Activo;IVA 19%
21771;Top Lassie Largo Café SM;Top Lassie Largo;MODA;F;Activo;IVA 19%
21773;Top Lassie Largo Café LXL;Top Lassie Largo;MODA;F;Activo;IVA 19%
21781;Top Lassie Largo Fucsia SM;Top Lassie Largo;MODA;F;Activo;IVA 19%
21821;Top Lassie Largo Rojo SM;Top Lassie Largo;MODA;F;Activo;IVA 19%
21823;Top Lassie Largo Rojo LXL;Top Lassie Largo;MODA;F;Activo;IVA 19%
21831;Top Lassie Largo Durazno SM;Top Lassie Largo;MODA;F;Activo;IVA 19%
21833;Top Lassie Largo Durazno LXL;Top Lassie Largo;MODA;F;Activo;IVA 19%
23651;Top Lassie Largo Crema SM;Top Lassie Largo;MODA;F;Activo;IVA 19%
23653;Top Lassie Largo Crema LXL;Top Lassie Largo;MODA;F;Activo;IVA 19%
23901;Top Lassie Largo Rosado SM;Top Lassie Largo;MODA;F;Activo;IVA 19%
24101;Top Lassie Largo Gris SM;Top Lassie Largo;MODA;F;Activo;IVA 19%
24103;Top Lassie Largo Gris LXL;Top Lassie Largo;MODA;F;Activo;IVA 19%
24111;Top Lassie Largo Camel SM;Top Lassie Largo;MODA;F;Activo;IVA 19%
24113;Top Lassie Largo Camel LXL;Top Lassie Largo;MODA;F;Activo;IVA 19%
27251;Top Lassie Largo Terracota SM;Top Lassie Largo;MODA;F;Activo;IVA 19%
27253;Top Lassie Largo Terracota LXL;Top Lassie Largo;MODA;F;Activo;IVA 19%
28171;Top Lassie Largo Vinotinto SM;Top Lassie Largo;MODA;F;Activo;IVA 19%
28173;Top Lassie Largo Vinotinto LXL;Top Lassie Largo;MODA;F;Activo;IVA 19%
28921;Top Lassie Largo Amarillo SM;Top Lassie Largo;MODA;F;Activo;IVA 19%
28923;Top Lassie Largo Amarillo LXL;Top Lassie Largo;MODA;F;Activo;IVA 19%
23151;Top Lili Negro SM;Top Lili;MODA;F;Activo;IVA 19%
23153;Top Lili Negro LXL;Top Lili;MODA;F;Activo;IVA 19%
23161;Top Lili Crema SM;Top Lili;MODA;F;Activo;IVA 19%
23163;Top Lili Crema LXL;Top Lili;MODA;F;Activo;IVA 19%
23171;Top Lili Blanco SM;Top Lili;MODA;F;Activo;IVA 19%
23173;Top Lili Blanco LXL;Top Lili;MODA;F;Activo;IVA 19%
23181;Top Lili Camel SM;Top Lili;MODA;F;Activo;IVA 19%
23183;Top Lili Camel LXL;Top Lili;MODA;F;Activo;IVA 19%
23191;Top Lili Verde Oliva SM;Top Lili;MODA;F;Activo;IVA 19%
23193;Top Lili Verde Oliva LXL;Top Lili;MODA;F;Activo;IVA 19%
23761;Top Lili Durazno SM;Top Lili;MODA;F;Activo;IVA 19%
23763;Top Lili Durazno LXL;Top Lili;MODA;F;Activo;IVA 19%
23771;Top Lili Cafe SM;Top Lili;MODA;F;Activo;IVA 19%
23773;Top Lili Cafe LXL;Top Lili;MODA;F;Activo;IVA 19%
23781;Top Lili Verde Militar SM;Top Lili;MODA;F;Activo;IVA 19%
23783;Top Lili Verde Militar LXL;Top Lili;MODA;F;Activo;IVA 19%
23791;Top Lili Azul Oscuro SM;Top Lili;MODA;F;Activo;IVA 19%
23793;Top Lili Azul Oscuro LXL;Top Lili;MODA;F;Activo;IVA 19%
23941;Top Lili Rojo SM;Top Lili;MODA;F;Activo;IVA 19%
23943;Top Lili Rojo LXL;Top Lili;MODA;F;Activo;IVA 19%
24001;Top Lili Gris SM;Top Lili;MODA;F;Activo;IVA 19%
24003;Top Lili Gris LXL;Top Lili;MODA;F;Activo;IVA 19%
24021;Top Lili Azul Bebe SM;Top Lili;MODA;F;Activo;IVA 19%
24023;Top Lili Azul Bebe LXL;Top Lili;MODA;F;Activo;IVA 19%
24031;Top Lili Lila SM;Top Lili;MODA;F;Activo;IVA 19%
24033;Top Lili Lila LXL;Top Lili;MODA;F;Activo;IVA 19%
24051;Top Lili Agua Marina SM;Top Lili;MODA;F;Activo;IVA 19%
24053;Top Lili Agua Marina LXL;Top Lili;MODA;F;Activo;IVA 19%
27101;Top Lili Terracota SM;Top Lili;MODA;F;Activo;IVA 19%
27103;Top Lili Terracota LXL;Top Lili;MODA;F;Activo;IVA 19%
27111;Top Lili Vinotinto SM;Top Lili;MODA;F;Activo;IVA 19%
27113;Top Lili Vinotinto LXL;Top Lili;MODA;F;Activo;IVA 19%
29071;Top Lili Amarillo SM;Top Lili;MODA;F;Activo;IVA 19%
29073;Top Lili Amarillo LXL;Top Lili;MODA;F;Activo;IVA 19%
16460;Top Mangas Corto Azul Celeste U;Top Mangas Corto;MODA;F;Activo;IVA 19%
16461;Top Mangas Corto Azul Celeste SM;Top Mangas Corto;MODA;F;Activo;IVA 19%
16463;Top Mangas Corto Azul Celeste LXL;Top Mangas Corto;MODA;F;Activo;IVA 19%
16471;Top Mangas Corto Crema SM;Top Mangas Corto;MODA;F;Activo;IVA 19%
16473;Top Mangas Corto Crema LXL;Top Mangas Corto;MODA;F;Activo;IVA 19%
16481;Top Mangas Corto Blanco SM;Top Mangas Corto;MODA;F;Activo;IVA 19%
16483;Top Mangas Corto Blanco LXL;Top Mangas Corto;MODA;F;Activo;IVA 19%
16501;Top Mangas Corto Lila SM;Top Mangas Corto;MODA;F;Activo;IVA 19%
16503;Top Mangas Corto Lila LXL;Top Mangas Corto;MODA;F;Activo;IVA 19%
16511;Top Mangas Corto Naranja SM;Top Mangas Corto;MODA;F;Activo;IVA 19%
16513;Top Mangas Corto Naranja LXL;Top Mangas Corto;MODA;F;Activo;IVA 19%
16521;Top Mangas Corto Negro SM;Top Mangas Corto;MODA;F;Activo;IVA 19%
16523;Top Mangas Corto Negro LXL;Top Mangas Corto;MODA;F;Activo;IVA 19%
1654;Top Mangas Corto Purpura U;Top Mangas Corto;MODA;F;Activo;IVA 19%
16541;Top Mangas Corto Purpura SM;Top Mangas Corto;MODA;F;Activo;IVA 19%
16543;Top Mangas Corto Purpura LXL;Top Mangas Corto;MODA;F;Activo;IVA 19%
19981;Top Mangas Corto Azul Oscuro SM;Top Mangas Corto;MODA;F;Activo;IVA 19%
19983;Top Mangas Corto Azul Oscuro LXL;Top Mangas Corto;MODA;F;Activo;IVA 19%
20491;Top Mangas Corto Azul Bebe SM;Top Mangas Corto;MODA;F;Activo;IVA 19%
20493;Top Mangas Corto Azul Bebe LXL;Top Mangas Corto;MODA;F;Activo;IVA 19%
2085;Top Mangas Corto Uva U;Top Mangas Corto;MODA;F;Activo;IVA 19%
21511;Top Mangas Corto Verde Oliva SM;Top Mangas Corto;MODA;F;Activo;IVA 19%
21513;Top Mangas Corto Verde Oliva LXL;Top Mangas Corto;MODA;F;Activo;IVA 19%
21521;Top Mangas Corto Camel SM;Top Mangas Corto;MODA;F;Activo;IVA 19%
21523;Top Mangas Corto Camel LXL;Top Mangas Corto;MODA;F;Activo;IVA 19%
21541;Top Mangas Corto Terracota SM;Top Mangas Corto;MODA;F;Activo;IVA 19%
21543;Top Mangas Corto Terracota LXL;Top Mangas Corto;MODA;F;Activo;IVA 19%
21550;Top Mangas Corto U;Top Mangas Corto;MODA;F;Activo;IVA 19%
21551;Top Mangas Corto Durazno SM;Top Mangas Corto;MODA;F;Activo;IVA 19%
21553;Top Mangas Corto Durazno LXL;Top Mangas Corto;MODA;F;Activo;IVA 19%
23981;Top Mangas Corto Verde militar SM;Top Mangas Corto;MODA;F;Activo;IVA 19%
23983;Top Mangas Corto Verde militar LXL;Top Mangas Corto;MODA;F;Activo;IVA 19%
23991;Top Mangas Corto Rojo SM;Top Mangas Corto;MODA;F;Activo;IVA 19%
23993;Top Mangas Corto Rojo LXL;Top Mangas Corto;MODA;F;Activo;IVA 19%
25591;Top Mangas Corto Cafe SM;Top Mangas Corto;MODA;F;Activo;IVA 19%
25593;Top Mangas Corto Cafe LXL;Top Mangas Corto;MODA;F;Activo;IVA 19%
27091;Top Mangas Corto Vinotinto SM;Top Mangas Corto;MODA;F;Activo;IVA 19%
27093;Top Mangas Corto Vinotinto LXL;Top Mangas Corto;MODA;F;Activo;IVA 19%
28061;Top Mangas Corto Gris SM;Top Mangas Corto;MODA;F;Activo;IVA 19%
28063;Top Mangas Corto Gris LXL;Top Mangas Corto;MODA;F;Activo;IVA 19%
28941;Top Mangas Corto Amarillo SM;Top Mangas Corto;MODA;F;Activo;IVA 19%
28943;Top Mangas Corto Amarillo LXL;Top Mangas Corto;MODA;F;Activo;IVA 19%
18751;Top Mangas Largo Blanco SM;Top Mangas Largo;MODA;F;Activo;IVA 19%
18753;Top Mangas Largo Blanco LXL;Top Mangas Largo;MODA;F;Activo;IVA 19%
18781;Top Mangas Largo Lila SM;Top Mangas Largo;MODA;F;Activo;IVA 19%
18783;Top Mangas Largo Lila LXL;Top Mangas Largo;MODA;F;Activo;IVA 19%
18791;Top Mangas Largo Naranja SM;Top Mangas Largo;MODA;F;Activo;IVA 19%
18811;Top Mangas Largo Negro SM;Top Mangas Largo;MODA;F;Activo;IVA 19%
18813;Top Mangas Largo Negro LXL;Top Mangas Largo;MODA;F;Activo;IVA 19%
18841;Top Mangas Largo Verde Cálido S;Top Mangas Largo;MODA;F;Activo;IVA 19%
18843;Top Mangas Largo Verde Cálido L;Top Mangas Largo;MODA;F;Activo;IVA 19%
18891;Top Mangas Largo Azul Bebe SM;Top Mangas Largo;MODA;F;Activo;IVA 19%
18893;Top Mangas Largo Azul Bebe LXL;Top Mangas Largo;MODA;F;Activo;IVA 19%
18921;Top Mangas Largo Cafe SM;Top Mangas Largo;MODA;F;Activo;IVA 19%
18923;Top Mangas Largo Cafe LXL;Top Mangas Largo;MODA;F;Activo;IVA 19%
1999;Top Mangas Largo Azul Petroleo U;Top Mangas Largo;MODA;F;Activo;IVA 19%
20831;Top Mangas Largo Durazno SM;Top Mangas Largo;MODA;F;Activo;IVA 19%
20833;Top Mangas Largo Durazno LXL;Top Mangas Largo;MODA;F;Activo;IVA 19%
20841;Top Mangas Largo Crema SM;Top Mangas Largo;MODA;F;Activo;IVA 19%
20843;Top Mangas Largo Crema LXL;Top Mangas Largo;MODA;F;Activo;IVA 19%
20861;Top Mangas Largo Vinotinto SM;Top Mangas Largo;MODA;F;Activo;IVA 19%
20863;Top Mangas Largo Vinotinto LXL;Top Mangas Largo;MODA;F;Activo;IVA 19%
20871;Top Mangas Largo Azul Oscuro SM;Top Mangas Largo;MODA;F;Activo;IVA 19%
20873;Top Mangas Largo Azul Oscuro LXL;Top Mangas Largo;MODA;F;Activo;IVA 19%
20901;Top Mangas Largo Verde Militar SM;Top Mangas Largo;MODA;F;Activo;IVA 19%
20903;Top Mangas Largo Verde Militar LXL;Top Mangas Largo;MODA;F;Activo;IVA 19%
20941;Top Mangas Largo Camel SM;Top Mangas Largo;MODA;F;Activo;IVA 19%
20943;Top Mangas Largo Camel LXL;Top Mangas Largo;MODA;F;Activo;IVA 19%
23601;Top Mangas Largo Gris SM;Top Mangas Largo;MODA;F;Activo;IVA 19%
23603;Top Mangas Largo Gris LXL;Top Mangas Largo;MODA;F;Activo;IVA 19%
25581;Top Mangas Largo Verde Oliva SM;Top Mangas Largo;MODA;F;Activo;IVA 19%
25583;Top Mangas Largo Verde Oliva LXL;Top Mangas Largo;MODA;F;Activo;IVA 19%
27071;Top Mangas Largo Terracota SM;Top Mangas Largo;MODA;F;Activo;IVA 19%
27073;Top Mangas Largo Terracota LXL;Top Mangas Largo;MODA;F;Activo;IVA 19%
27291;Top Mangas Largo Rojo SM;Top Mangas Largo;MODA;F;Activo;IVA 19%
27293;Top Mangas Largo Rojo LXL;Top Mangas Largo;MODA;F;Activo;IVA 19%
29091;Top Mangas Largo Amarillo SM;Top Mangas Largo;MODA;F;Activo;IVA 19%
29093;Top Mangas Largo Amarillo LXL;Top Mangas Largo;MODA;F;Activo;IVA 19%
29211;Top Mangas Largo Palo Rosa SM;Top Mangas Largo;MODA;F;Activo;IVA 19%
29213;Top Mangas Largo Palo Rosa LXL;Top Mangas Largo;MODA;F;Activo;IVA 19%
29221;Top Mangas Largo Verde Lima SM;Top Mangas Largo;MODA;F;Activo;IVA 19%
29223;Top Mangas Largo Verde Lima LXL;Top Mangas Largo;MODA;F;Activo;IVA 19%
22960;Top Straple Surtido;Top Polilycra;MODA;F;Activo;IVA 19%
1634;NO USAR Top Recto Corto Blanco U;Top Recto Corto;MODA;F;Activo;IVA 19%
16340;Top Recto Corto Blanco U;Top Recto Corto;MODA;F;Activo;IVA 19%
16360;Top Recto Corto Crema U;Top Recto Corto;MODA;F;Activo;IVA 19%
16400;Top Recto Corto Negro U;Top Recto Corto;MODA;F;Activo;IVA 19%
1641;Top Recto Corto Naranja U;Top Recto Corto;MODA;F;Activo;IVA 19%
16410;Top Recto Corto Naranja U;Top Recto Corto;MODA;F;Activo;IVA 19%
16430;Top Recto Corto Lila U;Top Recto Corto;MODA;F;Activo;IVA 19%
1740;Top Recto Corto Fucsia U;Top Recto Corto;MODA;F;Activo;IVA 19%
17400;Top Recto Corto Fucsia U;Top Recto Corto;MODA;F;Activo;IVA 19%
1869;NO USAR Top Recto Corto Azul Bebe;Top Recto Corto;MODA;F;Activo;IVA 19%
18690;Top Recto Corto Azul Bebe U;Top Recto Corto;MODA;F;Activo;IVA 19%
1964;NO USAR Top Recto Corto Verde Cali U;Top Recto Corto;MODA;F;Activo;IVA 19%
19640;Top Recto Corto Verde Cali U;Top Recto Corto;MODA;F;Activo;IVA 19%
2017;Top Recto Corto Azul Petroleo U;Top Recto Corto;MODA;F;Activo;IVA 19%
20170;Top Recto Corto Azul Petroleo U;Top Recto Corto;MODA;F;Activo;IVA 19%
2116;NO USAR Top Recto Corto Verde Oliva U;Top Recto Corto;MODA;F;Activo;IVA 19%
2117;Top Recto Corto Capuchino U;Top Recto Corto;MODA;F;Activo;IVA 19%
21170;Top Recto Corto Capuchino U;Top Recto Corto;MODA;F;Activo;IVA 19%
2118;Top Recto Corto Purpura U;Top Recto Corto;MODA;F;Activo;IVA 19%
21180;Top Recto Corto Purpura U;Top Recto Corto;MODA;F;Activo;IVA 19%
2120;Top Recto Corto Amarillo Pastel U;Top Recto Corto;MODA;F;Activo;IVA 19%
21200;Top Recto Corto Amarillo Pastel U;Top Recto Corto;MODA;F;Activo;IVA 19%
2121;Top Recto Corto Azul Rey U;Top Recto Corto;MODA;F;Activo;IVA 19%
21210;Top Recto Corto Azul Rey U;Top Recto Corto;MODA;F;Activo;IVA 19%
2122;Top Recto Corto Rojo U;Top Recto Corto;MODA;F;Activo;IVA 19%
21220;Top Recto Corto Rojo U;Top Recto Corto;MODA;F;Activo;IVA 19%
21230;Top Recto Corto Durazno U;Top Recto Corto;MODA;F;Activo;IVA 19%
2252;Top Recto Corto Verde Militar U;Top Recto Corto;MODA;F;Activo;IVA 19%
22520;Top Recto Corto Verde Militar U;Top Recto Corto;MODA;F;Activo;IVA 19%
22540;Top Recto Corto Terracota U;Top Recto Corto;MODA;F;Activo;IVA 19%
2255;Top Recto Corto Mora Leche U;Top Recto Corto;MODA;F;Activo;IVA 19%
22550;Top Recto Corto Mora Leche U;Top Recto Corto;MODA;F;Activo;IVA 19%
2258;Top Recto Corto Uva U;Top Recto Corto;MODA;F;Activo;IVA 19%
22600;Top Recto Corto Azul U;Top Recto Corto;MODA;F;Activo;IVA 19%
23410;Top Recto Corto Gris U;Top Recto Corto;MODA;F;Activo;IVA 19%
28200;Top Recto Corto Camel u;Top Recto Corto;MODA;F;Activo;IVA 19%
28210;Top Recto Corto Vinotinto U;Top Recto Corto;MODA;F;Activo;IVA 19%
28220;Top Recto Corto Verde Oliva U;Top Recto Corto;MODA;F;Activo;IVA 19%
28230;Top Recto Corto Café U;Top Recto Corto;MODA;F;Activo;IVA 19%
17501;Top Recto Largo Blanco SM;Top Recto Largo ;MODA;F;Activo;IVA 19%
17503;Top Recto Largo Blanco LXL;Top Recto Largo ;MODA;F;Activo;IVA 19%
17531;Top Recto Largo Azul Bebe SM;Top Recto Largo ;MODA;F;Activo;IVA 19%
17533;Top Recto Largo Azul Bebe LXL;Top Recto Largo ;MODA;F;Activo;IVA 19%
17541;Top Recto Largo Café SM;Top Recto Largo ;MODA;F;Activo;IVA 19%
17543;Top Recto Largo Café LXL;Top Recto Largo ;MODA;F;Activo;IVA 19%
17551;Top Recto Largo Verde Oliva SM;Top Recto Largo ;MODA;F;Activo;IVA 19%
17553;Top Recto Largo Verde Oliva LXL;Top Recto Largo ;MODA;F;Activo;IVA 19%
17571;Top Recto Largo Rojo SM;Top Recto Largo ;MODA;F;Activo;IVA 19%
17573;Top Recto Largo Rojo LXL;Top Recto Largo ;MODA;F;Activo;IVA 19%
17581;Top Recto Largo Negro SM;Top Recto Largo ;MODA;F;Activo;IVA 19%
17583;Top Recto Largo Negro LXL;Top Recto Largo ;MODA;F;Activo;IVA 19%
17591;Top Recto Largo Fucsia SM;Top Recto Largo ;MODA;F;Activo;IVA 19%
17601;Top Recto Largo Camel SM;Top Recto Largo ;MODA;F;Activo;IVA 19%
17603;Top Recto Largo Camel LXL;Top Recto Largo ;MODA;F;Activo;IVA 19%
17791;Top Recto Largo Azul SM;Top Recto Largo ;MODA;F;Activo;IVA 19%
17793;Top Recto Largo Azul LXL;Top Recto Largo ;MODA;F;Activo;IVA 19%
19051;Top Recto Largo Lila SM;Top Recto Largo ;MODA;F;Activo;IVA 19%
19053;Top Recto Largo Lila LXL;Top Recto Largo ;MODA;F;Activo;IVA 19%
19271;Top Recto Largo Verde Militar SM;Top Recto Largo ;MODA;F;Activo;IVA 19%
19273;Top Recto Largo Verde Militar LXL;Top Recto Largo ;MODA;F;Activo;IVA 19%
19611;Top Recto Largo Agua Marina SM;Top Recto Largo ;MODA;F;Activo;IVA 19%
19613;Top Recto Largo Agua Marina LXL;Top Recto Largo ;MODA;F;Activo;IVA 19%
19621;Top Recto Largo Verde Cali SM;Top Recto Largo ;MODA;F;Activo;IVA 19%
19951;Top Recto Largo Rosado SM;Top Recto Largo ;MODA;F;Activo;IVA 19%
19953;Top Recto Largo Rosado LXL;Top Recto Largo ;MODA;F;Activo;IVA 19%
20481;Top Recto Largo Vinotinto SM;Top Recto Largo ;MODA;F;Activo;IVA 19%
20483;Top Recto Largo Vinotinto LXL;Top Recto Largo ;MODA;F;Activo;IVA 19%
20821;Top Recto Largo Uva SM;Top Recto Largo ;MODA;F;Activo;IVA 19%
20921;Top Recto Largo Crema SM;Top Recto Largo ;MODA;F;Activo;IVA 19%
20923;Top Recto Largo Crema XL;Top Recto Largo ;MODA;F;Activo;IVA 19%
20931;Top Recto Largo Durazno SM;Top Recto Largo ;MODA;F;Activo;IVA 19%
20933;Top Recto Largo Durazno LXL;Top Recto Largo ;MODA;F;Activo;IVA 19%
21501;Top Recto Largo Azul Rey SM;Top Recto Largo ;MODA;F;Activo;IVA 19%
23591;Top Recto Largo Gris SM;Top Recto Largo ;MODA;F;Activo;IVA 19%
23593;Top Recto Largo Gris LXL;Top Recto Largo ;MODA;F;Activo;IVA 19%
23721;Top Recto Largo Palo Rosa LXL;Top Recto Largo ;MODA;F;Activo;IVA 19%
27171;Top Recto Largo Terracota SM;Top Recto Largo ;MODA;F;Activo;IVA 19%
27173;Top Recto Largo Terracota LXL;Top Recto Largo ;MODA;F;Activo;IVA 19%
28851;Top Recto Largo Amarillo SM;Top Recto Largo ;MODA;F;Activo;IVA 19%
28853;Top Recto Largo Amarillo XL;Top Recto Largo ;MODA;F;Activo;IVA 19%
1662;Top Una Manga;Top Una;MODA;F;Activo;IVA 19%
20351;Top Vainilla Blanco;Top Vainilla;MODA;F;Activo;IVA 19%
20371;Top Vainilla Beige;Top Vainilla;MODA;F;Activo;IVA 19%
20381;Top Vainilla Rojo;Top Vainilla;MODA;F;Activo;IVA 19%
24161;Top Vainilla Verde Militar;Top Vainilla;MODA;F;Activo;IVA 19%
24171;Top Vainilla Cafe;Top Vainilla;MODA;F;Activo;IVA 19%
27461;Top Vainilla Negro;Top Vainilla;MODA;F;Activo;IVA 19%
28191;Top Vainilla Crema SM;Top Vainilla;MODA;F;Activo;IVA 19%
28193;Top Vainilla Crema LXL;Top Vainilla;MODA;F;Activo;IVA 19%
24911;Top Vanti Blanco SM;Top Vanti;MODA;F;Activo;IVA 19%
24913;Top Vanti Blanco LXL;Top Vanti;MODA;F;Activo;IVA 19%
24921;Top Vanti Lila SM;Top Vanti;MODA;F;Activo;IVA 19%
24923;Top Vanti Lila LXL;Top Vanti;MODA;F;Activo;IVA 19%
24931;Top Vanti Azul Oscuro SM;Top Vanti;MODA;F;Activo;IVA 19%
24933;Top Vanti Azul Oscuro LXL;Top Vanti;MODA;F;Activo;IVA 19%
24941;Top Vanti Gris SM;Top Vanti;MODA;F;Activo;IVA 19%
24943;Top Vanti Gris LXL;Top Vanti;MODA;F;Activo;IVA 19%
24951;Top Vanti Crema SM;Top Vanti;MODA;F;Activo;IVA 19%
24953;Top Vanti Crema LXL;Top Vanti;MODA;F;Activo;IVA 19%
24961;Top Vanti Negro SM;Top Vanti;MODA;F;Activo;IVA 19%
24963;Top Vanti Negro LXL;Top Vanti;MODA;F;Activo;IVA 19%
24971;Top Vanti Verde Militar SM;Top Vanti;MODA;F;Activo;IVA 19%
24973;Top Vanti Verde Militar LXL;Top Vanti;MODA;F;Activo;IVA 19%
26291;Top Vanti Verde Oliva SM;Top Vanti;MODA;F;Activo;IVA 19%
26293;Top Vanti Verde Oliva LXL;Top Vanti;MODA;F;Activo;IVA 19%
26461;Top Vanti Camel SM;Top Vanti;MODA;F;Activo;IVA 19%
26463;Top Vanti Camel LXL;Top Vanti;MODA;F;Activo;IVA 19%
26501;Top Vanti Cafe SM;Top Vanti;MODA;F;Activo;IVA 19%
26503;Top Vanti Cafe LXL;Top Vanti;MODA;F;Activo;IVA 19%
27141;Top Vanti Terracota SM;Top Vanti;MODA;F;Activo;IVA 19%
27143;Top Vanti Terracota LXL;Top Vanti;MODA;F;Activo;IVA 19%
27151;Top Vanti Azul Bebe SM;Top Vanti;MODA;F;Activo;IVA 19%
27153;Top Vanti Azul Bebe LXL;Top Vanti;MODA;F;Activo;IVA 19%
28511;Top Vanti Rojo Sm;Top Vanti;MODA;F;Activo;IVA 19%
28791;Top Vanti Durazno SM;Top Vanti;MODA;F;Activo;IVA 19%
28881;Top Vanti Amarillo SM;Top Vanti;MODA;F;Activo;IVA 19%
28971;Top Vanti Vinotinto SM;Top Vanti;MODA;F;Activo;IVA 19%
28973;Top Vanti Vinotinto LXL;Top Vanti;MODA;F;Activo;IVA 19%
0010;Tapaboca Corporativo;DOTACION;DOTACION;F;Activo;IVA 19%
